DATE,Lo 30,Med 40,Hi 30,Lo 20,Qnt 2,Qnt 3,Qnt 4,Hi 20,Lo 10,2-Dec,3-Dec,4-Dec,5-Dec,6-Dec,7-Dec,8-Dec,9-Dec,Hi 10
196307,-1.14,0.32,0.43,-1.61,-0.11,0.6,0.27,0.55,-2.34,-0.69,-0.12,-0.1,1.04,0.25,0.25,0.3,0.49,0.73
196308,5.84,5.02,5.54,6.07,5.35,5.45,4.53,6.47,5.4,6.9,5.34,5.36,5.64,5.3,4.54,4.51,6.05,7.72
196309,-1.43,-1.09,-1.08,-0.62,-1.39,-2.44,-0.48,-1.33,-0.83,-0.37,-3.21,-0.32,-2.76,-2.18,-0.26,-0.8,-1.15,-1.85
196310,2.28,1.7,5.98,2.66,0.93,1.32,3.22,7.39,2.91,2.37,1.41,0.66,0.95,1.61,2.41,4.41,8.41,4.38
196311,0.39,0.02,-2.04,0.74,-1.12,-1.42,0.88,-3.47,1.85,-0.62,-0.4,-1.53,-1.8,-1.11,1.77,-0.4,-4.39,-0.64
196312,2.1,2.1,2.42,2.22,3.09,2.14,2.41,1.12,2.19,2.26,1.83,3.82,1.84,2.38,1.43,3.86,1.13,1.06
196401,3.26,2.26,3.24,3.28,1.82,1.87,4.29,0.55,3.9,2.51,3.21,1.04,2.43,1.43,3.02,6.14,1.46,-2.11
196402,2.57,1.64,1.5,2.56,2.01,1.8,1.51,1.48,3.35,1.57,2.57,1.68,2.27,1.43,1.49,1.53,1.57,1.22
196403,4.13,0.96,1.77,3.38,4.25,1.8,0.8,0.85,2.41,4.63,5.88,3.3,2.63,1.14,-0.56,2.7,0.4,2.19
196404,-1.97,1.11,0.98,-2.59,0.75,0.33,0.71,2.41,-2.24,-3.02,-0.58,1.55,0.9,-0.13,1.56,-0.44,2.92,0.89
196405,1.4,0.78,2.72,1.67,1.15,0.87,1.49,2.58,1.96,1.3,0.8,1.35,2.12,-0.16,0.5,2.87,2.61,2.48
196406,0.53,2.38,1.07,0.14,1.73,1.46,2.37,1.03,-0.29,0.7,1.4,1.92,1.22,1.65,3.3,1.11,1.15,0.67
196407,3.42,2.16,0.65,2.78,2.87,2.03,2.48,0.21,3.03,2.26,4.61,1.74,2.47,1.85,2.85,1.79,0.34,0
196408,-0.25,-1.17,-1.55,-0.77,-0.19,-1.12,-1.34,-1.82,-0.98,-0.32,0.72,-0.79,-1.99,-0.75,-1.6,-0.87,-3.24,0.51
196409,3.25,2.72,3.4,3.47,3.73,2.1,3.33,3.57,4.38,1.54,2.86,4.31,2.56,1.92,3.53,2.97,2.23,5.67
196410,0.93,1.02,0.23,0.73,1.01,0.47,1.95,0.17,0.06,2.19,1.3,0.81,1.61,0,2.79,0.37,0.76,-0.73
196411,0.76,0.33,0.47,1.52,-0.4,-0.27,1.91,0.33,1.81,0.9,-0.61,-0.25,1.03,-0.82,2.48,0.82,0.46,0.12
196412,-0.52,0.88,0.35,-0.17,-1.34,1.99,-0.8,0.83,0.4,-1.42,-1.16,-1.46,0.31,2.72,-0.78,-0.85,0.23,1.76
196501,4.91,2.67,5.44,5.17,4.31,2.23,3.44,5.89,5.06,5.42,4.42,4.23,1.88,2.37,3.01,4.28,7.24,3.85
196502,1.18,-0.04,2.16,0.5,1.86,-0.13,0.25,2.18,-0.1,1.81,2.47,1.45,-1.18,0.31,-0.71,2.09,1.41,3.4
196503,-0.68,-1.43,-0.85,-1.06,-0.73,-1.29,-0.98,-1.51,-1.76,0.44,0.01,-1.23,-2.11,-0.95,-1.97,0.86,-1.12,-2.1
196504,2.34,3.23,4.97,2.62,2.14,3.57,2.86,5.78,2.27,3.35,1.83,2.35,1.07,4.59,2.82,2.94,5.07,6.88
196505,0.38,-0.4,-0.05,0.95,-0.42,-0.51,0,-0.2,1.66,-0.54,-0.66,-0.27,-0.7,-0.43,-0.18,0.34,-0.18,-0.23
196506,-6.04,-4.07,-6.15,-6.15,-5.2,-4.17,-4.46,-6.01,-6.02,-6.42,-5.85,-4.77,-2.72,-4.74,-3.31,-6.53,-5.35,-7.01
196507,1.72,1.38,1.9,1.65,1.34,2.47,1.05,2.02,1.26,2.09,1.79,1.08,1.83,2.84,0.71,1.69,0.12,3.97
196508,2.67,2.38,4.19,3.02,1.83,3.11,2.87,4.59,2.49,3.59,2.34,1.54,2.8,3.3,2.57,3.42,4.18,4.99
196509,4.44,2.99,3,4.59,4.02,2.9,2.67,2.75,3.98,5.25,4.3,3.85,1.92,3.46,2.22,3.48,2.49,2.99
196510,2.78,2.5,3.44,3.74,3.38,1.77,2.05,3.54,3.93,3.53,1.88,4.27,2.67,1.26,1.38,3.26,2.77,4.29
196511,-0.18,-0.96,2.43,0.88,-1.38,1.43,-1.66,3.64,1.12,0.62,-1.2,-1.48,1.03,1.65,-2.65,0.09,5.59,1.77
196512,1.27,1.14,1.09,1.18,1.18,0.91,1.4,0.95,1.28,1.08,1.35,1.09,-0.57,1.75,1.41,1.38,2.46,-0.56
196601,0.69,0.32,1.63,3.04,-0.69,1.43,0.85,1.06,1.43,4.78,-1.61,-0.15,0.47,1.97,-0.26,2.77,0.03,2.11
196602,-2.49,-1.55,0.84,-1.33,-2.84,-2.17,-0.61,2.03,-2.01,-0.62,-3.67,-2.37,-1.54,-2.52,-0.06,-1.51,0.86,3.2
196603,-1.18,-2.93,-1.12,-2.64,-2.11,-2.77,-2.36,-0.61,-3.93,-1.3,0.36,-3.51,-2.8,-2.75,-2.48,-2.15,-0.59,-0.62
196604,2.34,1.61,3.69,2.12,0.81,2.29,2.66,4.32,0.63,3.63,2.56,-0.22,2.64,2.1,2.82,2.38,3.31,5.31
196605,-6.04,-4.96,-4.6,-6.54,-5.51,-4.99,-4.75,-4.25,-5.59,-7.47,-5.54,-5.49,-5.21,-4.87,-4.41,-5.33,-4.43,-4.08
196606,-0.1,-1.56,-0.95,-0.66,-1.09,-1.98,-0.74,-1.01,-0.88,-0.44,0.47,-2.05,-2.24,-1.84,-0.69,-0.81,-0.24,-1.75
196607,-0.15,-0.85,-2.84,-0.62,-0.32,-0.63,-1.54,-3.38,-1.88,0.01,0.25,-0.72,-1.11,-0.06,-1.17,-2.16,-3.46,-3.33
196608,-7.16,-7.19,-8.03,-7.92,-6.46,-8.07,-6.6,-9.61,-9.37,-7.2,-6.54,-6.4,-7.51,-8.71,-6.91,-6.08,-6.66,-11.28
196609,0.24,0.4,-3.29,0.11,0.84,0.01,-1.06,-3.42,-0.98,0.64,0.35,1.19,-0.19,0.24,0.18,-3.14,-4.42,-2.82
196610,6.41,5.21,1.26,3.66,8.44,4.77,2.57,1.15,0.56,5.14,8.61,8.31,6.81,2.39,3.25,1.39,-1.23,2.54
196611,-1.26,0.85,6.09,0.57,-1.42,0.29,2.67,8.79,2.69,-0.4,-2.66,-0.55,-1.12,2.01,2.54,2.89,5.4,10.7
196612,0.91,0.64,-0.55,2.62,0.52,0.25,0.28,-0.79,3.13,2.38,-0.44,1.19,-0.37,0.99,0.58,-0.25,1.89,-2.23
196701,7.04,7.57,10.36,9.43,5.57,7.7,9.15,10.79,11.47,8.47,5.08,5.9,7.46,7.99,8.76,9.83,11.2,10.56
196702,-0.56,1.05,1.96,0.46,-0.59,-0.39,2.47,2.69,3.76,-1.15,-1.41,-0.04,-0.46,-0.3,3.28,1.05,1.84,3.16
196703,4.25,3.68,5.98,3.3,3.68,3.99,5.13,5.2,3.92,2.98,5.08,2.75,3.12,4.99,4.1,6.97,4.15,5.78
196704,1.49,4.21,6.76,2.32,1.45,2.71,7.11,6.74,2.15,2.4,0.79,1.9,3.95,1.31,7.3,6.79,5.79,7.25
196705,-2.12,-4.79,-4.7,-2.24,-4.02,-3.78,-5.12,-4.59,-0.51,-3.13,-2.02,-5.36,-3.14,-4.53,-5.28,-4.84,-3.17,-5.36
196706,2.05,1.74,3.62,2.61,2.05,1.09,2.01,4.7,4.19,1.79,1.56,2.4,0.84,1.39,1.87,2.26,5.58,4.22
196707,7.13,3.93,4.37,8.17,1.66,7.43,4.15,4.6,8.54,8.06,5.83,-1.59,5.77,8.75,4.36,3.87,4.57,4.64
196708,-0.45,-0.59,-1.07,-0.06,-1.01,-0.58,-0.4,-1.22,0.18,-0.13,-0.95,-1.06,-1.72,0.3,-0.13,-0.74,-0.77,-1.8
196709,3.33,2.88,4.25,3.15,2.7,2.31,4.42,4.37,2.17,3.44,3.57,1.96,1.64,2.82,4.75,4,5.4,3.02
196710,-4.83,-3.06,0.02,-5.11,-3.69,-3.41,-2.76,1.44,-4.94,-5.16,-4.46,-3.04,-4.32,-2.74,-2.52,-3.07,1.9,0.82
196711,-0.87,0.85,1.53,-0.76,0.02,1.27,0.22,2.08,-0.77,-0.76,-1,0.88,2.36,0.47,0.16,0.29,2.52,1.48
196712,3.66,2.73,3.25,3.61,3.16,2.27,3.41,3.24,5.12,3.15,3.73,2.69,2.91,1.8,3.5,3.29,3.03,3.53
196801,-0.56,-3.16,-7.12,-1.27,0.3,-4.06,-4.9,-8.18,3.07,-2.56,0.33,0.28,-4.02,-4.09,-5.1,-4.64,-6.94,-9.86
196802,-2.08,-2.85,-4.4,-2.15,-2.31,-2.89,-3.86,-4.18,-4.05,-1.54,-2,-2.58,-2.66,-3.07,-3.06,-4.9,-3.56,-5.05
196803,-1.02,0.55,2.04,-1.05,-0.53,0.69,0.21,3.34,-1.01,-1.07,-0.97,-0.15,0.51,0.83,1.04,-0.91,4.2,2.11
196804,7.26,8.09,11.84,8.94,5.24,8.1,11,12.13,11.57,8.13,5.16,5.31,8.04,8.14,10.9,11.15,11.22,13.44
196805,1.5,1.01,4.58,2.23,0.3,0.4,3.45,4.71,4.43,1.53,0.56,0.08,1.97,-0.79,2.85,4.26,4.66,4.78
196806,2.33,1.59,-0.53,1.56,3.2,1.97,-0.36,-0.61,0.89,1.78,3.34,3.08,1.28,2.51,-0.38,-0.34,-0.07,-1.38
196807,-1.35,-0.85,-4.37,-1.41,-1.6,-0.77,-2.62,-4.34,-0.44,-1.89,-1.21,-1.76,-2.06,0.47,0.45,-4.4,-2.44,-7.16
196808,2.33,1.26,1.87,2.5,1.31,1.34,1.53,2.09,3.4,2.05,1.9,1.07,2.23,0.49,1.39,1.61,2.7,1.13
196809,6.47,3.51,3.88,6.74,4.3,2.48,3.81,4.78,7.65,6.27,5.83,3.69,2.13,2.82,5.57,2.75,4.35,5.47
196810,2.74,1.66,-1.43,3.2,1.15,1.85,-1.01,-0.13,2.68,3.47,1.66,0.95,0.58,3.06,2.33,-3.08,1.01,-1.92
196811,3.55,6.18,6.95,2.14,6.27,6.07,7.38,6.29,4.47,0.93,7,5.97,5.45,6.64,6.73,7.81,4.59,9.03
196812,-1.93,-3.87,-4.47,-1.65,-3.96,-3.93,-4.35,-3.76,0.55,-2.82,-2.58,-4.53,-3,-4.78,-2.75,-5.39,-4.2,-3.07
196901,-1.01,0.25,-2.37,-1.26,0.45,0.55,-1.7,-2.64,-0.77,-1.53,-0.4,0.82,0.69,0.42,-1.23,-2.01,-2.52,-2.82
196902,-4.86,-4.81,-5.27,-4.15,-5.15,-4.58,-4.51,-6.43,-6.65,-2.76,-6.52,-4.57,-5.04,-4.16,-5.66,-3.75,-4.95,-8.69
196903,2.98,3.64,3.12,2.47,2.34,3.78,5.03,2.37,2.49,2.47,4.17,1.59,3.42,4.11,6.5,4.07,2.8,1.69
196904,0.78,2.65,2.36,0.4,4.08,1.76,2.05,2.02,2.29,-0.65,1.64,5.11,1.94,1.58,0.94,2.8,2.04,1.98
196905,0.06,1.36,-1.05,-0.09,0.82,1.11,0.13,-0.77,-1.48,0.69,0.39,0.99,1.22,1.02,2.44,-1.39,0.13,-2.24
196906,-8.13,-6.58,-4.58,-8.1,-6.06,-6.75,-3.76,-7.73,-11.45,-6.24,-8.2,-5.19,-7.21,-6.32,-8.3,-0.67,-7.2,-8.62
196907,-5.83,-6.31,-6.87,-6.23,-5.72,-6.81,-5.35,-8.64,-6.25,-6.22,-5.56,-5.92,-7.84,-6.03,-5.43,-5.29,-7.19,-10.42
196908,2.94,5.05,7.24,4.08,2.85,5.35,5.97,8.45,2.55,4.99,2.2,3.73,5.18,5.47,5.68,6.2,8.29,8.65
196909,-2.7,-2.92,-1.32,-3.46,-2.57,-2.52,-1.93,-2.23,-1.11,-4.82,-2.19,-3.09,-4.19,-1.27,-3.77,-0.51,-1.98,-2.55
196910,4.85,5.49,6.48,5.54,4.95,5.28,5.53,7.79,7.81,4.18,4.39,5.72,3.08,6.87,5.77,5.35,5.81,10.31
196911,-2.54,-4.1,-2.32,-4.77,-2.69,-4.01,-2.34,-3.29,-5.44,-4.35,-1.05,-4.88,-4.5,-3.67,-3.53,-1.46,-2.82,-3.86
196912,-3.81,-0.65,-1.89,-3.98,-2.97,-1.09,0.47,-3.54,-4.39,-3.73,-3.7,-1.96,-0.91,-1.21,1.73,-0.45,-3.91,-3.09
197001,-5.43,-7.7,-9.26,-6.6,-5.22,-8.06,-8.52,-10.11,-6.01,-6.96,-4.68,-5.96,-8.21,-7.96,-8.47,-8.55,-9.09,-11.35
197002,7.72,6.09,3.73,7.18,6.83,6.53,4.43,4.24,5.72,8.09,8.06,5.14,6.29,6.71,5.94,3.3,4.98,3.31
197003,1.79,-0.2,-2.29,0.42,1.83,0.06,-1.38,-3.65,0.79,0.2,2.65,0.68,1.25,-0.75,-1.67,-1.16,-3.51,-3.82
197004,-8.95,-8.65,-14.04,-9.9,-7.61,-9.23,-10.99,-16.25,-11.22,-9.11,-8.37,-6.52,-8.14,-9.99,-9.33,-12.25,-13.86,-19.32
197005,-5.18,-5.3,-8.56,-5.24,-4.52,-4.82,-7.48,-10.66,-4.42,-5.72,-5.15,-3.62,-2.16,-6.71,-8.18,-6.93,-9.44,-12.32
197006,-5.18,-3.62,-7.92,-5.51,-4.2,-4.38,-5.18,-8.53,-5.61,-5.44,-4.99,-3.11,-4.17,-4.54,-2.23,-7.46,-7.81,-9.54
197007,9.43,6.97,6.08,9.1,8.98,6.45,7.08,5.9,7.62,9.71,9.64,8.1,6.43,6.51,7.52,6.52,5.46,6.23
197008,5.9,4.24,6.07,4.37,6.15,3.71,4.85,6.66,3.84,4.59,6.86,5.21,3.55,4.3,4.99,4.68,5.81,7.29
197009,2.74,3.71,8.51,5.34,2.14,3.77,4.18,10.07,5.98,5.08,1.13,3.52,3.57,4.46,3.74,4.76,9.41,10.55
197010,-1.23,-1.04,-3.51,-2.26,-0.65,-1.13,-1.96,-3.68,-4.19,-1.47,-0.58,-0.74,-0.82,-2.18,-1.09,-3.09,-3.8,-3.59
197011,5.66,5.24,4.29,3.85,6.04,5.67,4.3,4.03,4.25,3.68,6.79,5.03,5.84,5.09,3.82,4.93,4.2,3.91
197012,5.65,6.59,5.75,7.74,5.25,6.19,7.96,5.09,6.28,8.33,4.36,6.45,5.71,7.87,8.38,7.4,7,3.73
197101,4.2,4.28,7.29,6.8,2.51,4.9,4.89,8,10.13,5.48,2.56,2.45,4.9,4.89,4.38,5.57,7.42,8.43
197102,2.03,1.24,2.35,2.87,2.13,-0.16,3.61,2.28,1.19,3.56,1.48,3,-0.43,0.75,4.45,2.51,3.82,1.17
197103,3.35,3.98,6.42,3.65,2.78,4.05,5.43,7.13,4.08,3.48,3.15,2.29,3.84,4.76,6.02,4.67,7.15,7.12
197104,4.38,2.94,3.74,4.74,4.43,1.99,3.13,4.45,3.74,5.15,4.13,4.82,1.75,2.82,4.04,1.93,5.51,3.67
197105,-3.77,-3.97,-3.11,-3.34,-4.07,-4.13,-3.4,-2.92,-3.13,-3.42,-4.06,-4.09,-4.34,-3.43,-3.24,-3.63,-2.78,-3.02
197106,-0.74,0.5,0.84,0.25,-0.46,-0.23,1.63,1.14,-0.9,0.71,-1.4,0.77,-0.18,-0.39,2.81,0.03,0.44,1.67
197107,-4.81,-3.08,-5.3,-5,-4.49,-1.98,-5.08,-5.32,-4.91,-5.15,-4.45,-4.5,-2.92,-0.98,-4.72,-5.28,-4.95,-5.69
197108,7.52,3.76,3.74,8.01,6.9,2.78,3.36,4.05,8.85,6.47,6.61,7.03,2.63,2.93,3.23,3.43,2.94,5.19
197109,-1.1,-0.48,-0.13,-1.39,-0.77,-0.34,-0.41,0.1,-1.02,-2.08,-0.57,-0.87,0,-0.68,-0.49,-0.36,0.03,0.17
197110,-5.31,-3.99,-3.39,-5.45,-5.94,-3.7,-1.97,-4.95,-5.88,-4.63,-5.06,-6.34,-3.72,-3.67,-2.32,-1.79,-4.06,-5.84
197111,-0.59,-0.06,0.18,0.08,-1.18,-0.09,0.56,-0.03,0.3,-0.35,-1.83,-0.88,0.46,-0.67,0.87,0.4,-0.08,0.02
197112,8.19,8.79,9.89,6.87,8.99,8.98,9.17,10.41,6.3,7.95,10.68,8.23,9.03,8.93,8.81,9.37,9.07,11.78
197201,4.02,1.57,3.56,4.24,2.18,1.37,2.82,3.96,3.39,5.81,3.61,1.51,1.88,0.82,2.19,3.15,3.16,4.75
197202,2.18,3.53,3.08,2.1,2.43,4.04,1.9,4.88,1.33,3.5,2.33,2.47,3.16,4.98,3.12,1.25,5.37,4.39
197203,1.34,0.6,1,1.74,1.13,0.7,0.63,0.78,3.63,-1.64,0.62,1.37,1.16,0.22,-0.48,1.23,1.28,0.29
197204,-0.79,0.74,0.83,-1.53,0.81,0.86,0.5,1.01,-2.66,0.58,0.57,0.92,1.46,0.21,0.23,0.64,-0.07,2.08
197205,-1.37,1.9,2.36,-2,0.05,2.03,2.04,3.27,-3.36,0.48,-0.23,0.18,1.3,2.81,3.27,1.4,3.72,2.82
197206,-2.76,-2.19,-1.64,-2.54,-3.23,-1.88,-1.68,-1.76,-2.44,-2.71,-3.15,-3.27,-1.42,-2.37,-2.02,-1.5,-1.4,-2.11
197207,-2.43,-0.11,-0.01,-2.31,-0.61,-0.19,0.12,-0.43,-1.99,-2.46,-2.62,0.81,-1.68,0.7,-0.39,0.6,1.17,-2.59
197208,5.43,4.01,2.59,4.93,6.48,2.76,4.17,1.79,4.23,5.28,6.16,6.7,4.91,1.5,4.68,3.71,1.28,2.51
197209,-3.58,0.1,-0.83,-3.98,-1.79,-0.38,0.25,-0.93,-3.47,-4.22,-2.99,-0.97,-2.03,0.61,1.26,-0.69,-0.66,-1.31
197210,-0.23,1.82,0.19,-0.5,1.58,1.81,0.38,0.83,0.28,-0.87,0.16,2.52,1.72,1.86,1.53,-0.71,2.89,-2.02
197211,7.74,5.4,3.51,7.62,7.14,5.13,4.34,3.55,6.2,8.31,7.91,6.64,6.87,4.11,5.24,3.46,1.32,6.81
197212,-2.28,1.5,1.63,-2.32,-0.46,1.32,1.98,1.47,-3.47,-1.77,-2.21,0.68,-0.71,2.54,2.12,1.85,1.31,1.7
197301,-4.08,-2.19,-2.34,-4.86,-2.8,-2.39,-0.63,-4.3,-5.23,-4.69,-2.96,-2.7,-0.5,-3.48,-1.68,0.41,-3.43,-5.5
197302,-5.9,-4.43,-3.31,-5.57,-5.2,-4.66,-3.29,-3.91,-5.69,-5.52,-6.35,-4.47,-5.48,-4.17,-4.1,-2.5,-1.57,-7.23
197303,-1.48,0.06,-0.97,-1.97,0.23,-0.45,0.12,-1.57,-1.19,-2.33,-0.79,0.87,0.06,-0.75,0.44,-0.18,-1.02,-2.4
197304,-4.2,-3.53,-5.8,-5.02,-3.14,-3.95,-4.18,-6.24,-6.71,-4.22,-3.05,-3.19,-3.65,-4.12,-3.09,-5.22,-5.37,-7.58
197305,-5.04,-1.55,-1.62,-5.62,-2.17,-1.96,-1.56,-1.43,-6.42,-5.25,-4.23,-0.9,-2.97,-1.36,-1.26,-1.86,0.85,-5
197306,-2.97,-0.58,-0.78,-4.12,-1.67,-0.16,-0.22,-1.52,-5.1,-3.68,-1.4,-1.84,0.52,-0.56,-0.61,0.17,-0.6,-3.07
197307,6.65,3.45,8.4,6.12,4.58,3.71,4.19,10.98,9.98,4.52,7.61,2.94,5.11,2.53,3.36,5.38,9,14.17
197308,-1.52,-3.32,-3.67,-1.49,-2.82,-3.91,-2.92,-3.65,-3.35,-0.69,-1.57,-3.52,-3.75,-4.05,-2.38,-3.69,-3.69,-3.6
197309,8.7,4.51,4.98,8.5,8.53,7.63,-0.14,7.29,11.6,7.2,9.04,8.24,7.01,8.18,-1.76,2.13,6.42,8.62
197310,1.66,-0.32,-0.67,1.28,2.06,-2.17,0.73,-1.35,0.85,1.47,2.31,1.92,-1.68,-2.6,1.11,0.21,-2.21,-0.07
197311,-13.57,-10.63,-14.46,-13.02,-11.95,-11.03,-11.29,-15.75,-12.85,-13.09,-14.52,-10.45,-12.33,-9.89,-10.17,-12.82,-13.48,-19.08
197312,3.87,1.43,-0.07,3.39,4.32,2.41,-1.6,1.21,4.56,2.88,4.69,4.11,2.09,2.68,-1.57,-1.65,0.17,2.85
197401,2.46,-0.2,-0.06,2.92,-0.54,1.07,-0.81,0.23,1.76,3.44,1.66,-1.77,0.91,1.2,-1.08,-0.42,0.12,0.4
197402,2.27,-0.33,-0.41,2.22,0.87,0.39,-1.1,-0.45,3.42,1.69,2.37,0,-0.51,1.16,-1.62,-0.36,-0.24,-0.77
197403,-1.76,-2.26,-2.25,-2.03,-2.3,-2.6,-1.51,-2.64,-0.62,-2.68,-1.29,-2.9,-1.9,-3.18,-1.33,-1.75,-2.23,-3.29
197404,-2.91,-4.62,-4.57,-3.78,-2.76,-4.68,-4.68,-5,-4.64,-3.38,-1.41,-3.58,-5.32,-4.14,-5.16,-4.01,-4.9,-5.15
197405,-4.81,-3.35,-3.34,-4.51,-5.49,-2.62,-2.24,-5.1,-5.5,-4.06,-5.32,-5.59,-3.19,-2.14,-3.03,-1.15,-3.54,-7.51
197406,-0.98,-1.19,-4.29,-0.4,-1.49,-0.83,-2.33,-5.27,-1.19,-0.05,-1.95,-1.2,-0.73,-0.91,-1.74,-3.12,-5.31,-5.2
197407,-3.6,-7.35,-9.63,-3.52,-5.33,-7.93,-7.37,-9.99,-3.19,-3.69,-3.67,-6.63,-9.17,-7.04,-6.19,-8.95,-10.4,-9.37
197408,-7.98,-8.13,-10.14,-6.31,-7.99,-7.95,-9.86,-10.07,-5.69,-6.63,-9.65,-6.64,-5.28,-9.83,-9.58,-10.26,-10.22,-9.85
197409,-7.59,-10.54,-14.17,-8.28,-9.08,-9.74,-12.47,-15.17,-8.5,-8.16,-6.87,-10.79,-7.65,-11.29,-12.59,-12.29,-15.21,-15.12
197410,16.78,15.22,20.94,16.97,16.88,14.63,18.59,19.99,15.4,17.77,16.58,17.13,13.5,15.5,15.65,22.66,20.18,19.69
197411,-1.7,-4.28,-4.37,-1.73,-1.48,-4.26,-5.39,-4.5,-1.65,-1.77,-1.67,-1.32,-3.24,-5.02,-6.36,-4.12,-4.11,-5.1
197412,-1.93,-1.56,-5.4,-2.08,-1.42,-1.59,-2.56,-6.43,-4.59,-0.84,-1.78,-1.14,-0.04,-2.78,-1.76,-3.58,-6.37,-6.54
197501,15.36,13.2,15.25,15.68,13.13,13.26,13.36,16.96,20.43,13.43,15.04,11.61,11.96,14.28,14.15,12.33,16.78,17.22
197502,3.35,6.42,6.87,3.62,4.39,5.57,9.1,5.94,4.8,3.02,3.07,5.48,4.73,6.23,9.55,8.51,5.12,7.18
197503,5.34,1.72,5.14,4.75,4.63,1.41,3.03,5.07,5.54,4.34,5.96,3.57,2.12,0.86,1.34,5.26,3.86,6.88
197504,4.74,3.82,6.76,5,3.5,2.87,6.65,7.3,4.79,5.11,4.48,2.69,2.69,3,7.3,5.82,5.96,9.25
197505,5.73,5.97,5.08,6.81,6.18,5.31,6.25,4.79,6.75,6.85,4.62,7.48,4.71,5.77,6.76,5.6,3.44,6.69
197506,6.17,5.19,4.71,5.74,5.62,5.61,4.55,4.64,6.57,5.31,6.63,4.8,6.02,5.29,4.34,4.83,4.45,4.9
197507,-4.19,-6.89,-6.14,-2.21,-6.23,-7.29,-6.25,-6.18,-3.25,-1.75,-6.81,-5.86,-6.89,-7.68,-6.57,-6.03,-6.14,-6.27
197508,-4.12,-1.81,-2.33,-3.85,-2.82,-1.83,-2.12,-2.32,-4.81,-3.43,-4.49,-1.77,-1.45,-2.21,-1.78,-2.36,-2.23,-2.48
197509,-3.61,-2.87,-4.61,-3.27,-3.36,-2.53,-4.34,-4.66,-6.72,-1.79,-4.09,-2.91,-3,-2.06,-4.14,-4.48,-4.61,-4.75
197510,7.17,7.17,4.37,7.1,7.66,7.33,6.06,3.67,4.17,8.29,7.25,7.9,6.22,8.43,5.69,6.33,4.22,2.7
197511,3.9,4.28,1.39,2.7,5.4,4.42,2.37,1.06,2.9,2.62,5.6,5.28,4.49,4.37,2.48,2.29,1.25,0.73
197512,-0.85,-1.24,-1.04,-0.05,-1.37,-1.51,-0.9,-0.96,-0.59,0.16,-1.94,-1.02,-1.87,-1.16,-0.42,-1.24,-1.69,0.36
197601,15.46,12.4,12.05,16.6,12.73,12.17,11.44,12.88,20.47,15.1,13.86,12.07,11.2,13.1,13.75,9.8,11.44,15.43
197602,4.86,0.35,-0.9,5.66,1.72,0.27,-0.53,-0.78,9.4,4.14,3.73,0.52,0.66,-0.1,0.46,-1.25,-2.15,1.57
197603,3.1,2.66,2.85,3.78,3.02,2.52,1.95,3.21,3.01,4.11,2.11,3.58,2.46,2.57,2.08,1.85,4.46,1.15
197604,-1.87,-1.55,-0.33,-1.48,-2.66,-1.23,-0.59,-0.42,-2.48,-1.05,-2.44,-2.78,-0.96,-1.48,-1.29,-0.07,-0.12,-0.93
197605,-1.69,-1.76,0.18,-1.65,-2.76,-1.35,-0.9,0.45,-1.69,-1.64,-1.74,-3.38,-2.81,0.04,-1.36,-0.56,0.93,-0.37
197606,5.64,4.77,3.97,4.92,5.24,4.84,4.23,4.07,7.24,3.95,6.7,4.33,3.44,6.14,4.99,3.68,3.54,4.99
197607,-0.66,-0.3,-0.87,0.28,-0.88,0.25,-0.58,-1.38,0.37,0.23,-1.38,-0.42,0.5,0.03,-0.94,-0.28,-0.48,-2.78
197608,-1.95,0.78,-0.62,-2.57,-1.41,0.53,0.96,-1.26,-1.77,-3.07,-1.46,-1.36,0.39,0.66,2,0.13,-1.46,-0.94
197609,2.16,2.21,3.06,0.92,2.3,3.38,2.02,3.23,0.66,1.08,3.12,1.55,2.65,4.02,0.99,2.86,3.09,3.47
197610,-2.81,-1.73,-2.19,-2.82,-3.29,-2.22,-1.32,-2.21,-3.19,-2.59,-2.8,-3.73,-2.88,-1.66,-0.27,-2.17,-1.5,-3.33
197611,1.22,1.39,-0.03,2.97,0.79,1.52,0.32,0.23,3.92,2.37,-0.12,1.64,1.09,1.88,1.12,-0.34,-0.09,0.74
197612,8.47,6.24,5.06,9.59,7.65,6.97,5.24,4.51,10.14,9.24,7.6,7.71,6.72,7.19,4.71,5.68,4.08,5.18
197701,-1.36,-3.16,-5.18,-0.23,-1.78,-2.94,-4.19,-6.07,1.56,-1.38,-2.25,-1.35,-2.09,-3.65,-4.2,-4.18,-6.36,-5.62
197702,-2.05,-1.41,-1.79,-2.17,-2.29,-1.76,-0.85,-2.34,-1.96,-2.32,-1.95,-2.6,-2.16,-1.43,-0.45,-1.18,-2.17,-2.6
197703,-0.71,-1.3,-0.88,-0.04,-0.73,-0.93,-1.41,-0.99,-0.23,0.08,-1.25,-0.27,-0.19,-1.54,-2.2,-0.76,-1.28,-0.54
197704,1.3,0.95,-0.35,1.77,1.11,1.91,-0.8,0.33,2.93,1.01,0.92,1.28,2.85,1.12,-0.44,-1.09,-0.11,1.01
197705,-0.91,-0.77,-1.54,-0.84,-0.96,-0.59,-1.43,-1.29,-0.21,-1.26,-0.97,-0.94,-0.12,-0.99,-0.95,-1.82,-1.58,-0.85
197706,5.03,4.32,6.04,5.04,5.09,4.35,5.17,5.9,6.21,4.26,5.01,5.16,4.57,4.16,3.91,6.19,5.03,7.23
197707,-0.95,-1.25,-1.51,-1.22,-0.38,-1.42,-1.29,-1.97,-1.48,-1.04,-0.76,-0.06,-1.21,-1.64,-1.59,-0.99,-2.56,-1.23
197708,-0.7,-1.83,-0.79,-1.2,-1.84,-1.85,-0.73,-1.23,-1.69,-0.87,-0.34,-3.09,-2.37,-1.26,-1.15,-0.29,-1.6,-0.79
197709,-0.85,0.51,-0.23,-0.78,0.05,0.49,-0.04,-0.04,-2.32,0.28,-0.89,0.87,1.72,-0.89,0.37,-0.45,-0.26,0.23
197710,-4.05,-4.06,-3.72,-3.6,-3.91,-4.14,-3.75,-4.08,-3.9,-3.4,-4.35,-3.53,-4.09,-4.2,-4.18,-3.31,-4.21,-3.93
197711,5.97,3.97,4.7,8.34,4.68,3.53,3.98,5.52,9.42,7.62,4.32,4.99,3.49,3.57,4.16,3.79,5.4,5.66
197712,0.31,0.73,0.66,1.26,0.25,0.82,1.08,-0.16,1.72,0.94,-0.37,0.77,0.96,0.66,0.58,1.58,-0.25,-0.04
197801,-4.44,-5.6,-5.97,-3.27,-5,-5.13,-5.8,-7.03,-2.74,-3.63,-5.31,-4.74,-4.51,-5.85,-6.81,-4.79,-7.17,-6.86
197802,-0.22,-0.55,-1.97,1.89,-1.19,0,-2.01,-1.41,2.3,1.61,-1.82,-0.67,1.39,-1.63,-1.42,-2.58,-1.78,-0.97
197803,5.09,3.5,2.58,7.63,3.36,3.21,2.32,4.29,8.72,6.88,3.1,3.58,3.42,2.96,3.96,0.71,4.93,3.53
197804,9.01,7.46,10.1,8.45,7.61,6.97,9.63,9.95,8.24,8.6,9.45,6.12,5.2,9.1,8.99,10.27,9.4,10.62
197805,3.94,1.66,2.29,6.33,2.04,2.12,1.13,2.98,7.31,5.62,2.06,2.03,1.44,2.9,0.74,1.51,2.79,3.21
197806,-0.83,-1.52,-0.93,-0.71,-1,-1.82,-1.13,-0.87,-1.42,-0.19,-0.93,-1.06,-1.61,-2.06,-1.27,-0.99,-0.57,-1.24
197807,5.73,5.51,6.13,5.81,6.61,4.8,5.1,6.78,6.08,5.66,5.69,7.29,3.9,6.18,5.12,5.07,6.39,7.25
197808,5.28,3.64,5.13,6.01,4.09,3.54,4.03,5.69,6.68,5.65,4.79,3.58,2.93,4.46,3.89,4.21,4.79,6.77
197809,0.4,-0.73,-1.86,-0.09,-0.67,-0.53,-0.74,-2.01,0.04,-0.16,0.74,-1.68,0.2,-1.62,-0.09,-1.62,-1.52,-2.59
197810,-12.88,-9.56,-13.39,-16.37,-9.19,-9.32,-11.35,-14.79,-21.62,-13.49,-10.53,-8.19,-8.41,-10.69,-11.55,-11.06,-13.15,-16.74
197811,3.98,2.91,4.11,3.89,3.61,2.88,2.8,4.71,6.45,2.61,4.04,3.3,2.66,3.23,2.53,3.16,4.32,5.18
197812,0.79,1.63,2.2,1.57,2.27,0.76,1.67,2.12,1.33,1.7,0.3,3.7,-0.03,1.96,1.18,2.33,2.66,1.47
197901,6.26,4.76,4.66,8.19,5.19,4.75,3.96,5.25,11.57,6.5,5.05,5.29,5,4.38,4.15,3.72,4.84,5.76
197902,-2.63,-2.77,-3.76,-2.91,-2.38,-3.12,-3.08,-3.71,-3.47,-2.61,-2.46,-2.32,-2.6,-3.92,-2.52,-3.84,-3.02,-4.57
197903,8.41,5.3,7.55,9.54,6.44,4.43,6.3,8.79,12.19,8.15,7.69,5.56,3.97,5.14,6.85,5.54,7.77,10.05
197904,0.77,0.51,0.98,1.34,0.12,0.04,1.3,1.52,2.78,0.56,0.4,-0.07,-0.5,0.85,2.16,0.09,2.23,0.65
197905,-2.12,-1.48,-1.13,-1.37,-1.77,-1.69,-1.45,-0.92,-2.4,-0.79,-2.61,-1.16,-1.29,-2.29,-1.42,-1.49,-0.15,-1.87
197906,5.43,3.88,5.61,5.24,3.52,4.11,5.23,6.05,5.37,5.16,5.56,2.07,3.56,4.96,5.47,4.88,5.61,6.59
197907,2.86,0.91,2.13,3.31,0.63,2.06,1.7,1.75,3.78,3.03,2.54,-0.53,2.46,1.8,0.98,2.59,0.76,2.74
197908,6.27,5.6,8.1,7.01,4.57,6.79,6.55,8.9,7.03,7,5.74,3.83,7.02,6.63,6.06,7.14,8.53,9.26
197909,0.68,-0.38,-0.07,0.47,0.24,0.16,-1.14,0.19,1.04,0.14,0.83,-0.14,-0.39,0.53,-1.77,-0.38,0.83,-0.42
197910,-6.62,-7,-7.96,-8.24,-5.45,-8.05,-7.56,-8.05,-9.32,-7.6,-5.46,-5.45,-8.09,-8.03,-7.31,-7.84,-7.38,-8.71
197911,6.4,5.01,8.41,7.56,5.16,4.96,6.09,9.54,8.79,6.85,5.58,4.88,6.41,4,5.3,7.02,8.95,10.13
197912,2.75,1.9,4.19,5.5,0.67,3.12,1.93,5.69,10.11,2.74,0.79,0.59,3.42,2.92,1.6,2.32,5.22,6.16
198001,8.94,5.06,6.29,7.75,6.87,6.38,3.59,7.51,8.62,7.19,9.81,4.96,5.65,6.89,2.63,4.71,7.59,7.43
198002,2.19,-0.76,-2.56,0.27,2.66,-1.41,-3.54,-2.01,0.69,0,3.58,2.03,-2.26,-0.83,-3.76,-3.28,-3.04,-1.03
198003,-14.16,-9.67,-12.31,-15.48,-11.57,-10.62,-8.26,-13.78,-18.18,-13.72,-13.23,-10.42,-10.53,-10.67,-6.47,-10.3,-11.64,-15.79
198004,5.64,4.55,5.56,5.8,4.91,4.28,5.96,4.53,5.08,6.25,5.53,4.49,5.73,3.3,5.16,6.91,3.09,5.93
198005,6.62,5.4,6.69,7.09,5.06,6.3,5.6,7.4,5.61,7.98,6.29,4.23,7.04,5.79,5.45,5.78,8.38,6.48
198006,2.93,3.08,4.3,2.33,3.17,2.86,3.65,4.74,4.28,1.19,3.34,3.04,2.8,2.9,3.57,3.73,4.56,4.92
198007,7.57,6.1,8.36,8.95,4.83,5.82,6.94,10.8,8.11,9.27,5.92,4.15,7.47,4.36,8.39,5.3,11.21,10.43
198008,2.36,1.94,2.79,2.73,2.54,1.06,2.21,3.41,6.57,1.31,1.9,2.95,0.31,1.74,2.42,1.97,1.81,4.86
198009,2.35,1.74,5.57,1.24,2.24,2.44,2.51,6.61,3.74,0.26,3.7,1.3,0.04,4.57,1.07,4.19,5.32,7.75
198010,2.16,1.38,3.24,-0.03,1.99,1.21,3.57,2.3,3.19,-1.35,4.76,0.18,-0.19,2.41,2.72,4.52,2.39,2.22
198011,7.93,9.59,14.25,4.63,8.93,10.57,11.79,14.82,7.45,3.41,11.67,7.08,8.87,11.98,10.26,13.49,13.69,15.8
198012,-3.24,-2.34,-3.99,-0.82,-3.5,-2.09,-3.61,-3.88,-3.05,0.19,-5.85,-1.87,-0.52,-3.35,-3.12,-4.14,-5.59,-2.43
198101,-2.32,-2.66,-7.43,-0.97,-1.01,-3.77,-5.36,-7.85,-2.06,-0.49,-3.85,0.89,-2.41,-4.89,-3.97,-6.85,-6.15,-9.26
198102,2.87,2.51,0.25,3.19,3.43,2.62,0.71,0.11,1.68,3.84,2.49,4.03,3.64,1.76,0.96,0.43,0.41,-0.14
198103,6.54,3.1,5.55,9.05,3.3,3.91,3.21,6.13,5.9,10.37,3.6,3.12,4.76,3.16,1.8,4.77,6.72,5.62
198104,0.39,-1.14,-1.74,-0.3,0.96,-2.21,-2.26,-0.48,-1.3,0.11,1.24,0.78,-0.51,-3.71,-1.18,-3.42,0.27,-1.14
198105,0.27,1.03,1.69,1.71,0.91,0.43,0.11,3.29,1.13,1.94,-1.49,2.43,0.57,0.31,0.67,-0.51,2.44,4.06
198106,-0.42,0.04,-2.43,-1.89,-0.07,0.31,0.33,-4.16,-1.38,-2.1,1.43,-0.98,-0.35,0.91,0.59,0.03,-4.12,-4.2
198107,-2.7,-1,1.83,-2.69,-2.36,-1.08,1.2,1.65,-0.42,-3.75,-2.72,-2.18,-1.14,-1,0.24,2.08,2.93,0.11
198108,-6.05,-4.78,-7.17,-6.9,-4.54,-4.52,-5.91,-7.94,-7.36,-6.67,-5.13,-4.23,-4.33,-4.8,-5.74,-6.06,-6.8,-9.37
198109,-5.96,-3.69,-8.42,-5.78,-4.69,-3.37,-5.85,-9.11,-8.52,-4.47,-6.16,-3.95,-1.48,-6.02,-4.05,-7.47,-8.91,-9.36
198110,5.37,4.13,9.26,5.48,2.08,5.63,6.04,10.55,7.92,4.35,5.25,0.51,3.85,8.24,4.61,7.44,9.33,12.09
198111,4.82,4.56,4.05,4.34,4.76,4.47,4.66,3.72,1.94,5.48,5.34,4.47,4.6,4.27,4.81,4.52,3.95,3.43
198112,-1.34,-2.05,-4.31,-1.3,-0.82,-2.26,-3.59,-4.41,-0.84,-1.51,-1.39,-0.52,-1.73,-3.01,-2.97,-4.18,-4.36,-4.46
198201,-2.67,-0.69,-4.49,-2.65,0.35,-1.8,-1.94,-5.57,-2.02,-2.95,-2.7,1.9,-0.63,-3.49,-0.88,-2.95,-5.57,-5.58
198202,-2.57,-3.25,-7.9,-3.1,-1.79,-3.71,-5.18,-8.91,-4.36,-2.5,-2.01,-1.68,-3.99,-3.29,-3.83,-6.5,-8.61,-9.3
198203,-0.21,0.39,-2.62,-0.31,0.21,0.79,-0.98,-3.34,-1.59,0.28,-0.11,0.36,1.08,0.36,-0.35,-1.62,-2.32,-4.61
198204,6.08,3.39,5.65,6.35,5.18,2.67,4.37,5.81,5.38,6.77,5.81,4.87,1.96,3.74,3.36,5.44,5.71,5.94
198205,-3.56,-2.55,-2.83,-3.72,-2.3,-2.83,-2.61,-3.11,-3.91,-3.64,-3.38,-1.76,-2.58,-3.2,-2.78,-2.45,-1.97,-4.56
198206,-1.13,-0.53,-4.34,-1.12,-0.88,-0.6,-2.02,-4.63,-1.99,-0.73,-1.15,-0.75,-1.33,0.47,-0.18,-3.93,-4.65,-4.6
198207,-1.92,-1.46,-3.37,-1.85,-1.61,-0.62,-2.43,-4.48,-0.82,-2.49,-2,-1.33,-1.66,0.08,-3.19,-1.29,-4.12,-4.85
198208,12.26,11.63,12.31,12.58,11.48,11.56,11.93,12.6,11.48,13.26,11.89,11.18,12.68,10.82,12.03,11.78,13.23,11.95
198209,1.51,1.74,2.06,1.32,2.9,1.69,1.51,1.68,3.06,0.26,1.74,3.76,1.66,1.71,0.67,2.75,2.33,1
198210,14.14,10.05,13.83,15.29,11.6,9.26,11.07,15.48,17.05,14.18,12.77,10.74,10.87,8.18,11.23,10.84,12.99,18.15
198211,6.15,4.38,6.29,7.88,4.49,4.45,4.17,7.27,9.1,7.1,4.07,4.81,4.47,4.43,4,4.42,5.73,8.86
198212,1.13,1.88,0.05,1.41,1.59,1.35,2.26,-0.71,2.33,0.81,0.77,2.21,-1.21,3.13,2.77,1.55,0.5,-1.93
198301,4.69,3.58,4.45,5.87,2.45,4.35,3.14,5.06,9.34,3.57,3.21,1.89,2.83,5.36,3.03,3.29,3.61,6.53
198302,3.5,3.07,3.53,3.3,3.7,2.9,3.34,3.43,3.11,3.43,3.75,3.67,5.08,1.48,3.07,3.72,3.75,3.11
198303,5.6,3.06,3.42,5.13,5.62,2.84,2.9,3.25,6.15,4.43,6.21,5.18,2.62,2.99,2.31,3.73,3.35,3.16
198304,8.26,7.48,6.54,8.77,6.91,7.83,6.8,6.84,9.59,8.19,7.63,6.36,6.26,8.9,7.42,5.94,5,8.69
198305,1.33,-0.78,3.29,2.35,-0.85,-0.73,0.29,4.28,2.95,1.93,0.03,-1.55,0.25,-1.37,-0.45,1.34,2.84,5.67
198306,3.02,3.43,4.73,3.92,1.64,2.58,5.43,4.95,5.74,2.64,1.85,1.48,2.64,2.55,6.25,4.29,4.94,4.97
198307,-1.34,-2.72,-4.91,-1.23,-2.25,-2.59,-3.44,-5.12,-2.35,-0.66,-1.41,-3.06,-2.9,-2.34,-2.7,-4.51,-3.53,-6.05
198308,1.78,1.01,-0.98,-0.73,2.5,1.28,0.27,-1.63,-1.46,-0.37,3.49,1.53,1.43,1.17,0.25,0.29,-1.14,-1.93
198309,1.53,2.27,1.09,2.35,1.28,1.52,2.87,0.93,1.1,2.96,0.99,1.56,1.94,1.18,3.89,1.38,1.73,0.45
198310,-1.57,-1.09,-4.81,-2.59,-0.96,-1.19,-1.9,-5.62,-3.23,-2.29,-0.9,-1.03,-1.12,-1.26,-0.99,-3.27,-3.45,-6.95
198311,3.45,2.24,3.16,4.44,4.02,2.95,0.62,3.37,6.12,3.64,2.8,5.23,3.34,2.63,-0.77,2.78,2.79,3.73
198312,-0.27,-0.85,-1.39,0.19,-0.69,-0.95,-0.97,-1.4,1.1,-0.26,-0.58,-0.8,1.08,-2.6,-0.72,-1.35,-1.62,-1.26
198401,0.14,-0.02,-3.33,-1.57,-0.67,2.54,-2.42,-3.64,-0.75,-1.97,1.27,-2.59,1.07,3.78,-2.19,-2.76,-1.6,-4.91
198402,-2.96,-3.49,-5.35,-6.58,-2.5,-3.12,-3.55,-6.23,-6.09,-6.83,-0.62,-4.45,-4.36,-2.15,-3.44,-3.71,-5.38,-6.78
198403,2.24,1.05,1.03,3.01,2.21,-0.33,1.76,0.94,3.62,2.7,1.77,2.67,2.28,-2.31,2.13,1.19,0.65,1.14
198404,0.96,1,-0.4,-2.06,1.99,1.14,0.08,-0.13,-3.13,-1.52,2.81,1.12,0.44,1.7,0.69,-0.87,-0.07,-0.17
198405,-5.88,-4.93,-4.68,-6.38,-5.73,-4.66,-4.4,-5.06,-6.53,-6.31,-5.58,-5.9,-5.11,-4.31,-4.68,-3.98,-5.6,-4.72
198406,1.29,3.37,3.23,1.87,1.64,4.85,2.55,2.95,2.98,1.31,0.93,2.34,3.26,6.1,1.78,3.73,2.21,3.43
198407,-4.33,-1.21,-1.58,-5.94,-2.95,-1.17,0.55,-3.02,-6.86,-5.4,-3.07,-2.81,-1.78,-0.71,0.35,0.73,-1.74,-4.23
198408,12.58,9.93,12.46,13.17,10.99,10.19,10.64,13.03,11.5,14.13,12.13,9.74,10.72,9.8,9.59,11.57,12.1,13.95
198409,0.72,0.62,-1.61,-0.48,0.47,1.03,0.42,-2.48,-1.34,0,1.63,-0.84,1.3,0.82,1.2,-0.26,-2.45,-2.51
198410,-1.08,0.97,-0.11,-1.07,-0.84,1.31,1.54,-1.08,-2.99,-0.02,-1.09,-0.56,0.47,1.92,1.77,1.35,-0.81,-1.33
198411,-0.24,-0.37,-2.64,-1.05,0.16,-0.62,-1.02,-3.23,-2.3,-0.41,0.36,-0.06,-0.45,-0.73,-0.15,-1.77,-2.8,-3.65
198412,1.98,2.5,2.8,-0.31,2.62,2.53,3.21,2.65,0.74,-0.83,3.64,1.44,3.13,2.09,3.45,3,2.1,3.18
198501,7.63,7.13,11.44,8.94,6.17,7.49,8.67,12.88,10.89,7.95,6.7,5.57,6.66,8.09,7.87,9.39,12.13,13.58
198502,2.69,1.93,0.97,3.15,2.11,2.16,1.11,1.13,2.69,3.39,2.36,1.82,2.41,1.98,1.55,0.74,1.46,0.82
198503,1.52,0.37,-2.25,0.59,1.54,0.01,-0.69,-2.46,-0.08,0.93,2.19,0.79,0.85,-0.59,0.74,-1.93,-2.12,-2.78
198504,-0.17,-0.11,-0.9,-1.62,0.34,0.54,-0.79,-1.28,-1.28,-1.79,0.86,-0.27,0.79,0.37,-1.29,-0.34,-0.26,-2.24
198505,5.15,5.91,6.26,3.92,4.98,5.98,6.69,6.64,2.45,4.67,6.01,3.77,5.29,6.47,7.79,5.72,7.5,5.81
198506,1.07,2.07,1.67,1,1.29,1.83,1.55,2.65,0.35,1.33,1.11,1.52,2.89,1.07,3.01,0.24,2.34,2.96
198507,-0.17,-0.61,0.63,-0.72,-0.25,-0.09,0.26,-0.03,-0.8,-0.67,0.64,-1.18,-0.01,-0.18,-1.18,1.58,0.62,-0.58
198508,0.29,-0.14,-1.63,0.02,0.62,-0.2,-1.02,-1.77,-0.74,0.42,0.68,0.57,-0.42,0.06,-0.55,-1.43,-1.28,-2.19
198509,-2.8,-3.46,-5.05,-2.36,-2.48,-3.73,-4.25,-5.72,-4.39,-1.36,-3.44,-1.42,-3.55,-3.95,-4.42,-4.1,-5.03,-6.3
198510,3.39,5.19,4.85,2.75,4.52,5.69,5.03,4.43,2.05,3.08,4.32,4.73,5.28,6.16,4.57,5.44,3.44,5.25
198511,5.95,7.29,7.6,7.03,5.27,7.77,7.38,7.62,8.83,6.18,4.43,6.22,7.97,7.54,7.16,7.57,8.74,6.68
198512,3.58,4.44,5.24,4,3.25,4.85,5.67,4.02,3.44,4.26,2.98,3.55,5.78,3.79,4.28,6.91,4.21,3.86
198601,-1.06,1.56,1.74,-1.68,0.46,1.57,1.4,2.27,-3.28,-0.92,-0.15,1.14,0.64,2.64,1.85,1.01,2.9,1.75
198602,6.58,8.85,7.19,7.82,6.62,8.82,7.03,8.6,4.46,9.36,4.8,8.66,9.16,8.43,9.05,5.26,8.3,8.85
198603,5.86,5.9,4.61,5.62,5.45,5.84,5.62,4.71,3.17,6.7,6.21,4.63,5.45,6.29,6.88,4.47,4.35,5.01
198604,0.82,-2.33,-0.04,0.67,-0.8,-2.36,-0.51,-0.65,3.11,-0.39,1.04,-2.8,-1.8,-2.99,-1.97,0.83,-0.17,-1.05
198605,6.02,5.41,4.16,6.14,5.87,5.24,3.85,5.35,3.49,7.32,5.83,5.91,5.45,4.99,5.4,2.47,5.17,5.51
198606,1.07,2.81,-0.38,1.46,1.66,2.63,1.72,-1,-0.21,2.17,0.51,2.96,2.6,2.67,3.03,0.51,-1.53,-0.55
198607,-7,-3.92,-7.74,-9.38,-4.23,-4.13,-5.04,-8.39,-11.13,-8.48,-4.76,-3.76,-4.76,-3.57,-3.55,-6.35,-8.4,-8.37
198608,9.31,7.11,4.96,10.74,7.77,7.62,5.17,5.01,7.83,12.18,8.04,7.53,7.97,7.33,5.5,4.87,5.73,4.21
198609,-4.24,-9.09,-8.87,-3.77,-6.55,-9.1,-9.88,-8.33,-5.58,-2.9,-4.68,-8.27,-8.34,-9.76,-9.76,-9.99,-7.31,-9.47
198610,6.07,5.54,4.53,4.27,6.4,5.18,6.47,3.75,4.78,4.02,7.71,5.15,5.16,5.2,6.77,6.19,1.44,6.39
198611,1.78,2.22,1.06,1.15,2.11,2.65,1.23,1.06,2.1,0.69,2.33,1.89,3.12,2.25,1.44,1.04,1.47,0.62
198612,-3.12,-2.21,-3.22,-2.52,-3.02,-2.13,-2.18,-3.75,-3.3,-2.14,-3.64,-2.4,-2,-2.24,-2.25,-2.11,-4.13,-3.34
198701,11.41,13.15,13.1,13.32,11.44,13.1,13.47,12.84,15.06,12.49,9.72,13.12,12.76,13.39,13.3,13.63,11.33,14.49
198702,2.84,3.51,6.96,5.05,1.46,3.25,6.01,7.17,6.34,4.45,0.86,2.03,3.22,3.27,5.44,6.54,7.18,7.16
198703,5.78,1.49,1.24,6.4,4.18,1.31,0.79,1.33,6.89,6.17,5.2,3.2,1.16,1.45,0.53,1.04,2.09,0.53
198704,-0.66,-2.09,-1.45,-0.28,-1.16,-2.18,-2.09,-1.32,-2.39,0.75,-1.02,-1.3,-1.98,-2.36,-2.49,-1.72,0.42,-3.2
198705,1.65,0.52,0.25,2.38,0.87,0.76,0.21,0.04,1.08,2.99,0.96,0.79,0.73,0.79,-0.3,0.68,0.79,-0.79
198706,4.87,5.39,3.67,4.42,4.9,5.68,4.69,3.47,2.5,5.32,5.31,4.48,5.59,5.76,5.36,4.09,2.42,4.67
198707,5.36,3.66,4.62,6.08,5.13,2.56,4.44,4.55,5.35,6.41,4.37,5.78,3.26,1.96,4.16,4.76,5.62,2.98
198708,2.88,4.32,4.5,1.65,5.09,3.83,4.42,4.48,0.35,2.23,4.58,5.53,3.24,4.33,4.31,4.55,5.13,3.5
198709,-1.3,-2.02,-2.86,-1.64,0.28,-2.79,-2.76,-3.16,-1.94,-1.51,-0.84,1.23,-0.5,-4.71,-3.19,-2.27,-2.53,-4.12
198710,-22.24,-20.52,-25.01,-23.15,-19.77,-19.72,-23.57,-25.81,-27.57,-21.21,-21.03,-18.71,-17.46,-21.71,-23.68,-23.44,-24.2,-28.31
198711,-8.48,-6.83,-7.88,-8.35,-6.25,-7.59,-7.35,-8.3,-8.64,-8.23,-8.64,-4.28,-7.76,-7.42,-7.59,-7.09,-8.03,-8.74
198712,6.56,6.52,8.84,7.36,4.69,6.71,8.6,8.92,6.77,7.6,5.54,4.02,5.12,8.15,8.52,8.69,8.25,10.01
198801,6.25,4.19,4.05,6.65,4.71,4.41,4.65,3.36,6.83,6.58,5.73,3.89,6.24,2.79,4.01,5.37,3.05,3.85
198802,5.58,4.61,5.51,5.15,5.82,4.04,5.03,5.69,7.88,4.03,6.13,5.58,2.85,5.13,4.89,5.19,4.05,8.32
198803,-0.05,-2.89,-2.2,0.7,-1.64,-2.92,-2.74,-2.37,0.89,0.62,-1.03,-2.12,-2.2,-3.55,-3.52,-1.88,-3.4,-0.76
198804,2.12,0.82,0.43,1.96,1.54,1.1,0.91,-0.24,0.85,2.43,2.34,0.89,0.9,1.28,0.2,1.68,-0.49,0.15
198805,0.24,0.75,-0.05,-0.07,0.56,0.95,0.45,-0.25,-1.57,0.55,0.67,0.48,1.91,0.1,0.58,0.31,0.56,-1.49
198806,2.28,5.63,6.6,1.42,3.99,6.66,5.25,6.95,3.17,0.72,3.4,4.48,6.05,7.2,4.59,5.95,6.24,8.05
198807,-0.44,-0.28,-1.77,-0.52,-0.08,0.03,-1.16,-2.29,-0.78,-0.33,-0.37,0.15,0.11,-0.07,-1.27,-1.04,-1.3,-3.47
198808,-2.22,-2.34,-3.84,-1.86,-2.28,-2.34,-3.15,-3.86,-2.57,-1.34,-2.54,-2.07,-1.8,-2.98,-2.56,-3.82,-3.97,-3.72
198809,3.33,4.12,4.24,2.49,4.36,3.12,5.09,4.09,3.17,2.01,4.05,4.61,2.39,3.98,5.65,4.44,4.7,3.35
198810,3.03,1.82,1.42,1.12,3.22,1.89,2.54,-0.31,0.88,1.3,4.63,2.12,1.74,2.08,1.41,3.84,0.17,-0.91
198811,-0.8,-1.57,-2.48,-1.94,-0.78,-1.55,-1.72,-3.03,-3.32,-0.96,0.11,-1.49,-1.53,-1.58,-1.69,-1.75,-3.1,-2.95
198812,1.69,1.93,2.8,2.34,1.64,2.12,1.52,3.72,2.83,2.01,1.19,2,1.82,2.47,1.52,1.52,3.6,3.87
198901,7.07,6.22,7.12,6.85,6.49,6.18,7.12,6.67,6.65,6.98,7.24,5.88,6.2,6.17,6.58,7.76,6.07,7.42
198902,-0.19,-1.94,-2.28,0.2,-1.12,-2.03,-2.3,-2.03,-0.91,0.96,-0.49,-1.64,-1.89,-2.19,-2.03,-2.62,-2.61,-1.33
198903,3.06,2.29,1.68,2.51,3.52,1.69,1.67,2.21,2.18,2.72,3.48,3.55,3,0.15,2.29,0.93,2.69,1.62
198904,4.89,5.11,5.2,4.27,5.73,4.1,5.32,5.79,3.74,4.61,5.35,6.05,3.52,4.81,6.12,4.36,6.15,5.34
198905,4.21,4.26,3.96,4.5,4.55,3.43,4.42,4.23,4.7,4.37,3.98,4.97,3.74,3.07,5.1,3.57,4.54,3.85
198906,-0.36,-0.21,-1.4,-0.28,0.19,0.38,-1.3,-2.09,-0.46,-0.17,-0.43,0.65,0.05,0.77,-2.02,-0.41,-1.44,-2.91
198907,8.04,7.68,8.38,8.64,7.49,8.26,7.82,8.08,10.88,6.65,7.43,7.58,8.52,8.04,6.68,9.1,9.2,7.29
198908,1.99,1.85,2.59,2.46,1.22,1.75,2.04,3.18,2.61,2.32,1.5,0.85,2.17,1.4,2.83,1.17,2.84,3.43
198909,0.87,-0.47,-0.37,1.32,-0.16,0.32,-0.79,-0.58,3.26,-0.46,0.4,-0.92,-1.33,1.68,-1.6,0.12,0.5,-1.35
198910,-2.02,-3.42,-2.87,-3.28,-2.18,-2.82,-3.41,-2.87,-3.37,-3.2,-0.69,-4.23,-2.5,-3.09,-3.91,-2.86,-2.27,-3.31
198911,2.65,1.77,1.05,2.41,2.56,2.32,0.39,1.37,2.12,2.69,2.9,2.08,1.46,3.04,0.48,0.29,1.58,1.21
198912,3.68,1.63,0.83,3.91,2.94,1.53,2.25,-0.16,2.85,4.91,3.45,2.21,1.97,1.18,1.36,3.22,-0.93,0.41
199001,-7.07,-7.13,-7.5,-7.85,-6.26,-8.19,-7,-7.15,-9.17,-6.61,-6.27,-6.26,-7.79,-8.51,-5.76,-8.35,-8.19,-6.39
199002,1.77,1.53,1.6,2.24,1.31,0.81,1.53,2.33,2.1,2.37,1.3,1.33,0.35,1.19,3.07,-0.19,2.24,2.4
199003,2.21,2.13,3.06,2.75,1.74,2.49,2.08,3.27,3.35,2.21,1.66,1.86,2.04,2.86,1.68,2.55,2.22,4.01
199004,-3.73,-2.5,-2.08,-3.66,-3.91,-1.82,-2.87,-1.63,-3.47,-3.83,-3.79,-4.08,-1.73,-1.88,-2.58,-3.19,-1.1,-2.01
199005,8.29,9.32,9.56,7.76,8.23,10.08,8.75,10.15,9.28,6.37,8.83,7.35,9.79,10.32,9.36,8.05,12.19,8.7
199006,-1.52,-0.35,0.01,-2.68,-0.57,0.66,-1.78,0.66,-3.78,-1.64,-0.34,-0.91,0.7,0.63,-1.86,-1.67,1.34,0.16
199007,0.99,-0.86,-2.89,-0.15,0.47,-1.5,-0.07,-4.01,-0.18,-0.14,1.81,-1.06,-1.98,-0.82,0.16,-0.47,-3.12,-4.96
199008,-7.89,-9.09,-11.04,-9.07,-7.05,-9.71,-10.04,-10.87,-10.66,-8.34,-7.05,-7.05,-9.46,-10.07,-9.26,-11.4,-10.62,-11.14
199009,-3.7,-4.26,-8.5,-6.51,-1.82,-4,-6.78,-8.53,-7.72,-5.97,-1.76,-1.89,-3.21,-5.09,-5.87,-8.43,-7.72,-9.41
199010,-2.44,0.35,-2.75,-5.19,-0.58,0.63,-0.47,-3.04,-6.68,-4.54,-0.62,-0.53,0.47,0.87,0.43,-2.14,-2.98,-3.11
199011,4.81,6.21,9.55,6.39,4.81,5.32,7.47,10.66,4.97,6.99,3.81,5.98,5.94,4.44,7.59,7.24,10.35,11
199012,2.26,2.56,4.55,2.9,2.04,2.27,3.63,4.54,1.02,3.69,1.85,2.26,2.39,2.09,3.14,4.57,4.34,4.76
199101,1.85,4.35,8.58,3.65,1.74,5.77,4.35,9.43,6.73,2.4,0.68,2.99,5.66,5.94,3.1,6.73,8.46,10.49
199102,7.39,7.24,8.27,9.14,6.65,7.08,7.39,8.75,11.21,8.26,6.21,7.16,6.7,7.62,7.5,7.19,7.58,10.02
199103,2.61,2.84,3.79,3,2.17,1.74,4.01,4.36,1.75,3.55,2.33,1.99,-0.05,4.28,4.84,2.48,3.96,4.79
199104,1.26,-0.15,0.42,0.33,0.84,-0.24,0.91,-0.49,0.63,0.2,1.92,-0.36,-1.52,1.51,0.07,2.49,-0.64,-0.33
199105,1.72,3.96,5.64,2.58,1.73,3.72,5.61,5.16,1.97,2.84,1.11,2.44,3.71,3.74,5.01,6.7,4.66,5.69
199106,-3.91,-4.35,-5.05,-5.86,-2.92,-4.62,-4.4,-5.38,-7.23,-5.28,-2.51,-3.37,-5.52,-3.44,-4.45,-4.31,-4.41,-6.39
199107,4.18,4.08,5.48,3.6,4.55,3.88,4.49,5.99,2.57,3.93,4.6,4.49,3.15,4.57,4.23,4.67,5.22,7.02
199108,3.22,1.8,3.62,2.06,2.99,1.39,2.53,4.32,1.35,2.29,4.06,1.93,1.63,1.17,2.57,2.51,4.15,4.53
199109,-0.58,-0.81,-1.63,-2.24,0.36,-0.22,-1.96,-1.71,-1,-2.64,0.6,0.12,0.4,-0.79,-2.61,-1.51,-1.97,-1.36
199110,1.85,1.68,1.52,1.15,2.64,1.08,1.57,1.74,5.04,-0.13,2.33,2.97,1.37,0.81,2.15,1.18,1.1,2.56
199111,-3.44,-4.95,-2.53,-4.96,-2.98,-5.45,-3.89,-2.08,-4.73,-5.04,-2.41,-3.58,-5.07,-5.81,-4.78,-3.27,-2.31,-1.78
199112,9.44,9.15,13.65,8.78,9.3,8.57,11.11,15.01,9.42,8.56,9.88,8.7,7.27,9.79,10.66,11.42,15.22,14.75
199201,2.46,-1.48,-0.44,8.42,-0.8,-1.81,-0.89,-0.49,11.92,7.22,-1.44,-0.12,-1.78,-1.83,-1.67,-0.36,-1.63,0.97
199202,2.96,1.44,0.77,5.18,1.27,1.64,0.87,0.84,4.2,5.53,1.36,1.17,2.21,1.12,1.2,0.65,0.93,0.72
199203,-1.77,-1.76,-2.71,-2.09,-1.93,-1.27,-1.25,-4.02,-2.89,-1.8,-1.53,-2.35,-1.54,-1.02,-2.39,-0.48,-2.67,-5.72
199204,1.59,3.74,-0.17,-0.19,3.62,4.69,1.61,-1.35,-3.13,0.85,2.95,4.3,5.2,4.23,1.4,1.75,-0.47,-2.48
199205,0.5,0.62,0.69,1.21,0.55,0.84,0.27,0.78,0.01,1.61,-0.02,1.14,1.04,0.65,-0.17,0.55,0.49,1.16
199206,-1.92,-1.18,-2.7,-1.68,-1.46,-0.64,-2.27,-3.1,-2.58,-1.39,-2.09,-0.81,0.03,-1.26,-2.58,-2.07,-2.81,-3.47
199207,3.2,4.02,4.4,3.68,3.48,4.28,4.31,4.17,4.05,3.47,2.74,3.86,5.68,2.75,3.51,4.78,4.33,4.02
199208,-3.61,-1.81,-2.03,-3.4,-2.23,-2.15,-1.16,-2.62,-4.61,-2.73,-3.81,-1.42,-1.49,-2.9,-1.38,-1.03,-3,-2.23
199209,1.18,0.93,1.9,2.58,0.35,0.93,1.35,2.25,0.49,3.73,-0.14,0.59,1.46,0.33,1.39,1.32,1.95,2.57
199210,2.13,-0.49,2.78,1.67,0.51,-1.62,2.33,3.21,1.17,1.94,2.58,-0.51,-2.21,-0.95,2.77,2.07,2.09,4.37
199211,4.05,3.06,5.53,3.23,3.16,3.17,3.89,6.46,3.39,3.14,4.84,2.31,2.15,4.33,3.78,3.95,6.13,6.8
199212,2.1,1.46,1.94,3.05,2.23,0.8,1.92,1.8,2.56,3.31,1.2,2.77,1.92,-0.46,1.47,2.19,2.38,1.21
199301,3.55,0.94,0.36,5.14,2.53,0.91,-1.22,1.16,4.38,5.54,2.03,2.78,0.83,1,-1.51,-1.05,1.17,1.16
199302,2.21,2.33,-1.95,2.22,3.12,1.92,0.01,-2.51,1.32,2.68,2.2,3.59,1.64,2.24,1.61,-0.93,-0.6,-4.45
199303,2.94,2.61,2.13,2.51,3.9,1.26,3.2,1.82,3.9,1.8,3.36,4.17,1.12,1.41,4.06,2.68,1.89,1.75
199304,-1.6,-1.98,-4.04,-1.61,-1.06,-2.58,-2.37,-4.91,-0.89,-1.99,-1.59,-0.79,-2.74,-2.39,-2.12,-2.53,-3.18,-6.74
199305,3.2,2.1,4.11,3.08,2.29,2.01,2.44,5.23,3.33,2.94,3.31,1.78,1.31,2.8,2.83,2.21,5.1,5.38
199306,0.8,1.04,-0.31,1.02,0.76,1.03,1.06,-0.98,1.11,0.97,0.58,0.85,1.59,0.41,1.36,0.88,-1.27,-0.67
199307,0.77,0.65,-1.69,1.49,0.81,1.13,-0.71,-2.3,4.21,0.16,0.14,1.52,1.9,0.16,-0.76,-0.66,-2.54,-2.09
199308,4.15,3.55,4,4.59,4.07,3.73,3.43,3.84,5.26,4.25,3.76,4.39,3.11,4.5,2.56,4.27,3.51,4.13
199309,0.77,-0.71,0.47,0.52,0.6,-0.42,-0.93,0.74,0.96,0.3,0.99,0.21,-0.45,-0.37,-1.94,0.03,-0.23,1.61
199310,1.98,1.57,1.61,3.44,0.84,2.57,0.83,1.99,3.65,3.33,0.69,1,2.48,2.69,0.65,0.99,2.33,1.69
199311,-2.2,-1.85,-0.57,-1.82,-2.63,-1.1,-1.63,-0.22,-2.7,-1.38,-2.54,-2.72,-1.04,-1.17,-2.18,-1.13,-0.46,-0.01
199312,1.66,2.02,1.87,1.7,1.31,2.49,2.54,1.3,0.98,2.05,1.62,0.99,2.97,1.9,2.24,2.81,1.73,0.92
199401,4.2,2.57,3.06,4.34,3.49,2.53,2.7,3.1,5.28,3.89,4.08,2.87,2.65,2.38,2.37,2.99,3.2,3
199402,-2.93,-3.01,-1.24,-2.56,-3.33,-3.12,-1.81,-1.28,-4.58,-1.62,-3.27,-3.38,-3.27,-2.94,-2.52,-1.17,-3.29,0.5
199403,-4.18,-4.09,-4.94,-4.34,-3.87,-4.75,-3.8,-5.45,-5.41,-3.85,-4.03,-3.69,-5.03,-4.4,-3.46,-4.11,-4.58,-6.19
199404,1.87,1.2,0.34,1.25,2,1.26,0.52,0.4,1.51,1.14,2.44,1.54,1.62,0.82,0.81,0.26,1.37,-0.45
199405,1.46,0.65,1.12,1.94,0.66,-0.54,2.21,0.72,0.75,2.47,1.01,0.28,0.26,-1.53,2.72,1.75,0.57,0.86
199406,-2.73,-1.68,-3.66,-2.8,-1.13,-2.51,-3.1,-3.62,-4.68,-1.98,-2.67,0.51,-2.59,-2.39,-2.4,-3.73,-3.27,-3.93
199407,3.32,2.82,3.44,3.11,3.69,2.69,2.91,3.19,2.77,3.33,3.51,3.85,2.82,2.55,1.82,4.15,4.33,1.93
199408,4.17,3.7,5.44,6.05,3.36,2.98,4.29,5.93,5.38,6.48,2.41,4.23,2.83,3.16,4.48,4.08,3.42,8.79
199409,-1.72,-1.68,-2.67,-0.18,-2.38,-1.83,-2.39,-2.39,0.33,-0.5,-3.22,-1.62,-2.31,-1.27,-1.44,-3.45,-3.25,-1.44
199410,1.35,1.82,2.09,0.81,2.06,1.34,1.66,2.5,-0.8,1.82,1.9,2.2,0.41,2.39,2.3,0.92,3.17,1.77
199411,-4.32,-3.15,-3.54,-4.33,-3.81,-3.5,-2.91,-3.49,-3.49,-4.84,-4.32,-3.36,-4.8,-2.05,-2.21,-3.7,-3.83,-3.11
199412,1.29,1.54,1.11,1.73,0.9,1.67,1.41,1.24,1.72,1.74,0.86,0.94,1.82,1.5,2,0.74,1.79,0.64
199501,1.32,2.44,2.67,0.76,2.62,2,2.92,2.32,2.3,-0.21,1.88,3.29,1.72,2.3,2.26,3.69,2.73,1.87
199502,4.56,3.66,4.24,4.6,3.91,4.19,2.94,4.69,4.59,4.61,4.51,3.39,3.64,4.78,2.94,2.92,5.22,4.1
199503,3.84,2.04,2.53,3.75,3.01,1.81,2.02,2.82,1.68,5.07,3.93,2.2,2.16,1.45,2.31,1.69,1.93,3.84
199504,3.02,2.75,2.15,3.68,3.01,2.21,2.57,2.08,1.65,4.94,2.36,3.6,1.73,2.71,2.75,2.37,1.64,2.56
199505,3.3,3.57,3.65,2.5,3.94,2.85,3.97,3.84,4.01,1.61,4.1,3.79,2.09,3.63,4.71,3.1,4.08,3.56
199506,1.48,2.01,5.25,3.05,0.78,2.66,2.66,5.61,3.44,2.81,-0.06,1.53,2.63,2.68,1.37,4.17,4.63,6.7
199507,3.64,3.07,5.66,3.46,2.35,4.04,4.04,6.02,4.52,2.29,3.92,0.99,3.89,4.2,3.1,4.87,4.58,7.6
199508,1.58,0.85,0.79,1.74,1.09,0.27,1.65,0.62,2,1.45,1.34,0.87,-0.37,1,2.19,1.18,0.02,1.26
199509,3.69,4.11,3.63,3.81,4.38,4.06,3.14,3.85,4.9,2.58,3.51,5.15,3.39,4.81,3.14,3.14,4.3,3.38
199510,-1.47,-0.52,-1.49,-1.95,-0.72,0.56,-2.36,-1.32,-1.24,-2.77,-0.73,-0.7,1.16,-0.1,-2.91,-1.88,-1.61,-1.01
199511,4.9,5.36,2.82,5.19,4.62,5.51,4.91,2.21,4.83,5.61,4.48,4.74,5.54,5.47,5.68,4.23,2.83,1.54
199512,3.19,2.37,-0.67,4.61,1.63,2.76,1.27,-1.35,6,3.05,1.09,2.11,3.23,2.23,1.73,0.85,-1.5,-1.19
199601,3.92,2.75,1.99,3.27,3.61,2.76,2.89,1.63,3.51,2.98,4.93,2.47,2.06,3.57,3.01,2.79,2.4,0.8
199602,1.19,1,3.14,0.5,1.43,0.83,2.97,2.67,-0.21,1.32,2.22,0.74,0.98,0.66,1.67,4.18,1.54,3.92
199603,0.77,1.25,1.15,0.98,1.04,0.99,1.6,0.93,0.96,1.01,0.45,1.56,1.77,0.11,1.54,1.65,0.58,1.3
199604,1.88,0.99,4.1,3.1,0.58,0.84,1.63,5.08,3.87,2.21,0.06,1.04,1.44,0.13,1.29,1.94,4.17,6.06
199605,1.9,2.31,3.71,2.41,1.67,2.09,3.58,3.55,3.59,1.02,1.12,2.14,2.2,1.95,3.04,4.07,4.12,2.96
199606,0.05,0.19,-1.69,0.15,0.56,0.64,-1.14,-2.24,0.18,0.11,-0.11,1.14,1.19,-0.02,-1.93,-0.44,-1.13,-3.43
199607,-4.49,-4.63,-6.72,-4.83,-4.31,-3.82,-5.54,-7.48,-5.92,-3.98,-3.94,-4.67,-4.02,-3.66,-6.04,-5.06,-4.52,-10.2
199608,1.75,2.82,4.31,2.47,1.06,3.4,3.64,4.28,1.21,3.43,0.63,1.5,4.18,2.79,2.86,4.38,3.41,5.12
199609,3.92,4.43,7.11,4.13,3.56,4.43,5.57,7.66,2.53,5.32,3.58,3.54,4.78,4.15,5.18,5.93,8.03,7.3
199610,2.71,2.41,-0.32,2.19,3.36,3.05,0.81,-0.91,2.07,2.28,3.55,3.17,2.66,3.36,0.65,0.97,0.32,-2.1
199611,6.29,6.8,7.29,6.57,5.89,6.88,6.21,8.29,5.01,7.71,5.82,5.95,5.75,7.77,7.37,5.12,9.73,6.86
199612,-0.08,-1.09,-2.15,-0.87,0.51,-1.34,-2.22,-1.76,1.04,-2.24,1.19,-0.15,-0.91,-1.66,-1.39,-3.01,-0.51,-3.01
199701,5.1,5.25,6,5.58,4.72,5.75,4.71,6.46,4.66,6.26,4.33,5.1,6.9,4.9,4.47,4.94,8.91,3.93
199702,0.85,1.4,-1.71,0.23,0.72,2.62,1.01,-3.04,1.64,-0.79,1.84,-0.38,2.69,2.57,0.65,1.36,-2.72,-3.4
199703,-3.94,-4.32,-5.09,-4.56,-2.21,-4.95,-4.59,-5.73,-4.97,-4.26,-2.96,-1.45,-5.76,-4.33,-5.53,-3.69,-4.45,-7.13
199704,3.14,5.49,4.83,4.25,2.14,5.83,6,4.81,2.22,5.7,1.46,2.83,6.57,5.27,7.19,4.88,8.52,0.63
199705,6.12,5.99,8.65,5.96,6.16,6.37,6.55,9.06,5.29,6.42,6.37,5.94,7.64,5.42,5.3,7.76,6.65,12
199706,4.36,4.6,3.83,4.54,4.13,5.45,4.43,3.08,4.67,4.46,4.05,4.21,4.45,6.23,3.3,5.49,2.71,3.52
199707,6.27,6.84,9.94,6.15,6.62,6.09,7.86,11.08,6.15,6.14,6.39,6.88,4.37,8.12,8.3,7.38,13.37,8.35
199708,-3.63,-4.61,-3,-2.8,-4.17,-4.85,-4.83,-2.21,-0.08,-4.68,-4.39,-3.93,-5.42,-4.2,-4.81,-4.84,-2.13,-2.3
199709,5.65,5.49,6.18,5.98,5.56,5.4,6.16,5.82,5.75,6.15,5.35,5.81,5.38,5.41,5.35,7.03,4.85,7.05
199710,-3.27,-2.37,-4.68,-2.88,-3.66,-2.3,-2.91,-4.67,-1.77,-3.66,-3.63,-3.7,-2.05,-2.59,-1.22,-4.7,-6.09,-2.93
199711,4.29,3.99,2.55,4.21,3.93,3.74,5.22,1.31,4.38,4.08,4.37,3.43,5.09,2.22,5,5.45,2.6,-0.22
199712,3.2,2.61,-0.22,2.8,3.11,2.75,1.77,-0.82,1.41,3.84,3.56,2.59,1.99,3.63,2.38,1.11,-2.69,1.53
199801,-0.2,0.05,2.21,1.02,-1.23,-0.05,1.51,2.42,0.29,1.55,-1.33,-1.13,0.47,-0.64,1.31,1.72,4.13,0.36
199802,5.53,7.63,8.45,4.79,6.21,6.95,8.03,9.72,5.27,4.44,6.23,6.19,5.07,9.09,10.19,5.65,11.11,7.97
199803,3.97,5.95,4.87,5.71,3.93,6.01,6.29,4.12,5.46,5.89,2.37,5.74,5.97,6.06,6.03,6.59,3.15,5.39
199804,0.28,1.15,1.97,-1.4,0.92,0.48,2.21,2.51,-0.93,-1.73,1.85,-0.11,-0.2,1.23,3.47,0.77,2.08,3.07
199805,-1.35,-1.64,-4.07,-0.84,-1.58,-1.45,-2.54,-4.58,-1.6,-0.3,-1.81,-1.33,-1.28,-1.63,-2.23,-2.9,-4.01,-5.32
199806,1.91,3.16,5.68,0.9,1.66,3.82,4.44,6.21,-2.74,3.49,2.84,0.33,3.46,4.22,4.37,4.52,7.86,4
199807,-2,-1.89,-2.17,-3.11,-0.91,-1.26,-3.74,-2.03,-2.3,-3.86,-0.88,-0.94,-2.37,-0.54,-5.08,-2.49,-0.78,-3.81
199808,-12.01,-15.28,-18.57,-14.09,-12.77,-15.01,-16.14,-19.45,-17.09,-11.28,-9.97,-15.52,-12.73,-16.46,-15.7,-16.54,-17.96,-21.65
199809,7.02,4.53,9.02,7.99,3.79,5.67,7.37,9.23,9.5,6.67,6.12,1.35,7.47,4.45,6.11,8.52,10.56,7.18
199810,6.96,8.76,5.99,6.01,9.16,8.02,8.09,5.11,7.47,4.71,7.86,10.63,7,8.76,8.21,7.99,4.4,6.25
199811,6.47,5.17,8.35,6.89,5.62,4.76,8.5,7.46,8.52,5.48,6.1,5.09,4.85,4.7,6.47,10.32,8.64,5.58
199812,4.03,6.43,8.71,5.39,5.45,5.4,7.93,8.47,8.67,2.46,2.79,8.47,3.86,6.47,6.44,9.22,9.32,7.07
199901,-0.63,1.82,9.66,1.28,0.96,0.01,4.95,11.05,4.21,-1.5,-2.5,4.54,-0.2,0.15,2.89,6.71,14.17,5.93
199902,-2.57,-1.53,-7.47,-1.73,-3.27,0.09,-4.59,-8.38,-1.56,-1.89,-3.41,-3.13,1.02,-0.54,-3.53,-5.47,-9.81,-5.85
199903,4.24,2.67,4.72,5.98,2.72,2.27,3.75,5.04,10.49,1.68,2.51,2.92,0.91,3.21,3.42,4.03,6.83,2
199904,6.43,4,3.41,6.29,3.94,4.35,4.57,3.76,1.61,11.15,6.57,1.4,4.11,4.51,6.87,2.67,-0.76,11.83
199905,-0.59,-1.37,-3.11,-2.63,0,-2.62,-0.87,-2.92,-4.08,-1.26,1.51,-1.53,-1.92,-3.08,2.23,-3.51,-2.26,-3.96
199906,2.54,4.57,8.13,2.26,2.86,5.04,6.64,8.36,2.46,2.07,2.82,2.92,3.77,5.91,5.51,7.65,9.22,6.93
199907,-2.34,-1.93,-5.1,-0.67,-3.37,-0.91,-3.42,-5.74,-1.79,0.07,-4.77,-2.04,0.69,-2.47,-3.46,-3.37,-3.07,-7.6
199908,-2.63,-0.2,-1.02,-2.25,-2.49,0.4,-0.62,-0.89,-3.6,-1.39,-3.21,-1.83,0.28,0.52,-0.1,-1.35,1.58,-2.69
199909,-3.32,-2.8,-1.61,-2.95,-2.57,-5.77,0.58,-2.11,-2.23,-3.39,-3.88,-1.39,-5.21,-6.33,1.16,-0.26,-4.04,-0.65
199910,4.48,5.5,8.63,3.28,4.73,2.72,10.5,8.35,7.61,0.57,6.32,3.33,-0.32,5.74,11.31,9.35,4.12,11.47
199911,1.29,2.62,4.81,1.36,2.07,4.28,2.29,4.55,0.49,1.94,1.2,2.86,2.29,6.15,0.06,5.47,3.11,5.55
199912,2.34,5.88,11.63,5.22,2.18,2.98,9.19,13.2,8.69,2.7,-1.66,5.63,0.78,5,10.41,7.53,17.22,10.49
200001,-1.53,-4.58,-5.28,-1.8,-1.65,-3.48,-5.13,-6.6,-2.45,-1.31,-1.14,-2.08,1.47,-7.84,-7.61,-1.63,-9.44,-4.57
200002,-1.51,-0.9,6.27,2.3,-2.27,0,0.49,6.25,8.9,-2.65,-7.15,1.81,1.69,-1.63,-3.95,6.34,4.86,7.2
200003,8.21,7.91,6.81,5.17,9.73,5.61,8.36,7.87,2.69,7.27,13.15,7.12,9.05,2.16,11.97,4.03,10.97,5.8
200004,-3.07,-0.47,-8.91,-2.62,-3.36,-0.34,0.86,-12.41,-6.44,0.71,-3.73,-3.06,-0.37,-0.31,1.01,0.67,-16,-9.91
200005,-2.74,-0.83,-5.97,-0.88,-3.76,-1.59,-1.17,-6.69,-4.46,2,-5.48,-2.39,-0.28,-3,1.26,-4.25,-6.32,-6.93
200006,1.46,1.47,8.01,2.28,-1.23,2.49,5.39,7.45,6.93,-1.27,0.2,-2.36,5.13,-0.42,2.31,9.32,11.42,4.84
200007,0.31,-1.04,-3.25,-1.34,2.1,-1.35,-2.53,-3.22,-1.87,-0.81,2.72,1.74,-1.17,-1.54,-2.03,-3.36,-3.11,-3.27
200008,7.36,5.1,9.5,7.06,6.18,4.38,6.93,9.69,7,7.13,7.78,5.22,6.28,2.36,5.96,8.55,10.74,9.24
200009,-0.38,-0.69,-8.71,-2.32,-1.23,-0.63,0.45,-10.47,0.16,-4.78,2.28,-3.38,-1.85,0.72,0.62,0.19,-16.95,-7.6
200010,1.17,0.28,-4.73,-0.5,1.23,-0.08,-0.21,-5.34,-1.93,1.03,3.27,-0.09,-1.11,1.03,0.91,-2.01,-3.04,-6.25
200011,-3.09,-4.01,-15.92,-5.91,-1.43,-2.9,-6.5,-17.92,-8.43,-3.26,0.32,-2.61,-5.79,0.14,-6.09,-7.18,-13.97,-19.55
200012,6.72,4.42,-2.29,6.51,5.13,5.38,4.5,-4.49,5.69,7.31,6.96,3.87,6.96,3.83,3.49,6.22,0.07,-6.51
200101,-0.87,1.16,7.17,1.14,2.27,1.51,-0.19,8.54,-0.17,2.38,-3.21,6.02,1.6,1.41,-1.77,2.45,4.3,10.58
200102,-1.92,-4.02,-16.41,-2.97,-2.55,-3.9,-6.09,-18.47,-3.25,-2.71,-0.64,-3.75,-4.96,-2.82,-4.32,-8.95,-16.02,-19.59
200103,-4.31,-4.91,-9.41,-3.95,-3.7,-4.02,-6.81,-10.36,-4.09,-3.83,-4.74,-3.03,-3.29,-4.76,-7.12,-6.3,-5.99,-12.45
200104,5.29,6.22,11.07,6.54,6.54,4.05,7.48,12.52,7.02,6.1,3.81,8.26,2.98,5.16,8.02,6.59,9.82,13.9
200105,3.12,1.67,-0.15,3.6,2.46,2.33,1.2,-1,3.52,3.67,2.52,2.42,2.52,2.14,0.38,2.61,-3.76,0.37
200106,-1.95,-2.41,-0.45,-1.27,-2.14,-2.17,-2.15,-0.42,0.18,-2.61,-2.79,-1.74,-0.69,-3.68,-3.11,-0.55,-0.53,-0.37
200107,-1.84,0.25,-3.46,-2.56,-0.73,-0.14,1.48,-4.27,-0.8,-3.81,-0.04,-0.95,1.28,-0.98,2.61,0.34,-1.9,-6.02
200108,-2.33,-3.34,-9.43,-2.18,-3.17,-3.12,-5.15,-10.08,-3.17,-1.47,-2.7,-3.32,-3.18,-3.08,-3.86,-6.49,-7.72,-11.9
200109,-8.63,-6.27,-11.36,-7.8,-7.13,-7.07,-5.66,-12.48,-8.24,-7.48,-10.67,-5.97,-4.75,-8.45,-4.83,-6.53,-10.92,-13.73
200110,0.81,1.2,4.6,0.94,2.66,0.6,-0.54,6.01,0.65,1.14,0.51,3.32,0.37,0.74,0,-1.12,4.96,6.89
200111,8.28,6.15,9.22,7.98,4.96,7.47,6.29,9.88,8.07,7.92,9.03,3.74,4.79,9.17,6.25,6.34,9.77,9.97
200112,2.5,2.12,1.07,1.96,2.78,3.1,1.16,0.67,4.14,0.49,3.83,2.45,4.02,2.55,-0.41,2.87,3.14,-1.35
200201,0.23,-1.06,-1.5,-0.22,-1.38,-0.02,-0.79,-1.94,2.77,-2.3,1.34,-2.23,1.23,-0.8,-1.97,0.46,-0.62,-3.07
200202,-0.42,0.59,-4.93,-0.74,0.72,0.6,-0.94,-5.57,-1.71,-0.04,0.37,0.84,1.25,0.2,0.24,-2.17,-2.84,-7.97
200203,5.94,3.09,5.15,5.46,4.91,3.13,3.28,5.18,5.76,5.23,7.12,4.19,2.31,3.66,1.62,5.04,4.48,5.84
200204,-1.59,-3.12,-8.08,-2.14,-4.84,-1.6,-4.31,-8.57,-1.68,-2.48,-0.28,-6.35,2.37,-4.09,-2.62,-6.05,-7.32,-9.71
200205,-0.13,-0.54,-2.34,-0.35,0.7,-1.24,-0.33,-2.89,-1.18,0.23,0.37,0.82,-0.91,-1.46,-0.54,-0.1,-1.49,-4.22
200206,-5.17,-7.06,-7.61,-5.84,-4.5,-8.68,-6.11,-7.97,-6.33,-5.51,-3.65,-4.8,-7.11,-9.74,-6.04,-6.19,-5.78,-10.09
200207,-9.09,-7.62,-7.79,-8.98,-8.12,-7.5,-7.3,-8.76,-8.26,-9.52,-9.2,-6.38,-9.38,-5.83,-8.56,-6.51,-6.29,-11.35
200208,-1.12,1.62,0.67,-1.11,0.18,0.17,1.24,1.25,1.93,-3.41,-1.14,2.23,-1.96,2,3.41,-0.07,1.59,0.86
200209,-12.16,-9.62,-9.94,-12.97,-10.53,-10.77,-9.83,-9.22,-12.76,-13.14,-11.38,-9.27,-8.84,-12.36,-8.16,-10.88,-9.44,-8.96
200210,9.33,7.04,8.35,9.52,8.49,7.64,8.62,6.8,10.92,8.4,9.16,7.53,11.02,4.74,5.89,10.37,6.63,7
200211,10.7,5.7,4.06,13.09,6.7,6.15,5.21,3.55,12.37,13.69,8.43,4.12,6.15,6.16,6.02,4.71,1.66,5.66
200212,-7.69,-4.56,-5.76,-11.21,-4.17,-3.95,-6.07,-5.32,-10.01,-12.2,-4.21,-4.11,-4.55,-3.39,-5.7,-6.31,-3.69,-7.08
200301,-1.9,-2.64,-3.08,-1.87,-1.68,-2.92,-3.4,-2.65,-2.7,-1.17,-1.92,-1.32,-3.38,-2.49,-3.04,-3.62,-2.28,-3.06
200302,-2.14,-2.3,-1.43,-0.42,-3.12,-2.7,-1.24,-1.84,-1.45,0.44,-3.72,-2.19,-3.27,-2.19,-1.77,-0.9,-0.77,-3.04
200303,0.01,0.71,2.15,-0.68,0.99,-1.19,2.82,1.69,0.3,-1.48,0.67,1.47,0.15,-2.4,2.97,2.73,3.09,0.09
200304,9.29,7.49,8.58,10.54,7.1,8,8.39,8.55,10.2,10.79,8.18,5.49,6.9,9.01,8.04,8.61,6.98,10.42
200305,9.16,5.77,5.18,11.7,6.22,8.37,3.09,6.58,14.26,9.88,6.89,5.21,5.23,11.21,2.56,3.42,4.82,8.6
200306,0.85,1.66,1.59,-0.12,0.69,1.93,2.99,0.46,0.25,-0.38,1.76,-0.97,0.93,2.79,2.89,3.05,-0.63,1.68
200307,3.43,2.27,2.08,3.56,2.28,2.2,2.9,1.37,3.66,3.46,3.17,1.83,1.3,2.57,2.63,3.19,0.38,2.97
200308,4.83,2.6,1.29,5.61,4.54,2.12,1.12,1.93,6.72,4.59,3.16,5.25,3.14,1.7,1.87,0.29,1.68,2.34
200309,-1.91,-1.39,-0.45,-2.19,-3.16,-0.91,-0.43,-0.58,-3.78,-0.67,-1.3,-4.1,-1.07,-0.84,-0.59,-0.25,0.36,-2.05
200310,8.12,5.94,5.76,8.06,8.73,5.22,5.32,6.05,7.34,8.73,8.23,8.99,5.83,4.97,5.33,5.3,5.46,7
200311,3,1.47,0.73,3.56,1.23,2.03,0.68,0.94,3.82,3.33,1.77,0.95,3.77,1.31,0.94,0.4,1.26,0.43
200312,5.12,4.16,4.36,4.88,5.07,4.52,4.3,3.67,4.26,5.44,5.66,4.76,2.6,5.34,3.28,5.45,3.79,3.5
200401,4.18,1.29,2.53,5.1,0.72,1.08,1.95,3.19,5.63,4.62,2.18,-0.05,2.59,0.45,2.37,1.5,3.34,2.95
200402,0.79,1.72,1.43,0.58,-0.08,2.34,1.88,1.37,-0.59,1.65,1.27,-0.8,2.31,2.35,2.2,1.52,1.29,1.5
200403,-1.63,-1.05,-1.32,-2.03,-1.71,-0.84,-1.53,-0.62,-2.06,-2,-0.75,-2.23,-0.93,-0.8,-0.73,-2.43,-1.06,0.09
200404,-3.46,-1.81,-1.06,-4.4,-1.43,-1.05,-1.61,-1.82,-5.89,-2.96,-1.51,-1.39,-1.15,-1,-3.18,0.18,-1.1,-2.96
200405,1.81,0.85,1.59,2.62,0.95,0.43,1.33,1.67,2.58,2.65,0.16,1.38,-0.8,0.95,1.21,1.46,1.53,1.91
200406,2.12,1.72,2.04,1.69,2.12,2.04,1.9,1.72,1.89,1.51,3.02,1.62,2.93,1.66,1.3,2.55,2.14,1.04
200407,-5.72,-3.48,-3.69,-6.86,-3.89,-3.36,-2.53,-5.05,-8.26,-5.63,-3.62,-4.13,-3.13,-3.65,-3.33,-1.94,-2.97,-7
200408,-1.41,0.34,0.63,-2.13,0.36,-0.31,0.93,0.59,-2.45,-1.85,-0.15,0.8,-1.22,0.79,1.28,0.67,0.95,0.25
200409,0.77,1.72,2,0.5,2.49,1.57,0.81,3.06,-1.08,1.86,1.22,3.57,1.11,2.11,0.97,0.69,2.67,3.44
200410,2.5,1.64,1.05,3.03,2.59,0.97,1.85,0.42,2.71,3.29,1.59,3.47,1.24,0.64,1.86,1.84,1.02,-0.16
200411,4.92,4.76,4.63,4.8,4.8,5.08,3.97,5.37,6.1,3.72,5.13,4.51,3.78,6.63,4.33,3.7,5.44,5.3
200412,3.59,3.7,3.45,4.38,3.17,3.86,3.1,3.82,4.2,4.54,2.22,4,3.92,3.79,3.26,2.97,4.23,3.41
200501,-4.22,-1.93,-2.64,-5.28,-2.5,-1.87,-1.16,-4.07,-6.28,-4.41,-2.34,-2.64,-2.72,-0.9,-1.63,-0.8,-1.91,-6.28
200502,1.88,2.31,2.03,2.07,1.69,3.35,1.91,1.41,2.82,1.44,1.55,1.8,3.51,3.18,0.74,2.8,1.52,1.3
200503,-0.76,-1.33,-2.52,-1.16,-0.83,-1.49,-2.33,-1.84,-2.07,-0.4,-0.07,-1.49,-2.14,-0.75,-0.94,-3.36,-2.26,-1.39
200504,-3.05,-2.27,-2.18,-3.49,-2.26,-3.1,-1.69,-2.02,-3.11,-3.8,-2.31,-2.22,-3.36,-2.81,-0.77,-2.38,-2.67,-1.33
200505,4.52,3.34,4.14,5.32,3.75,3.61,2.57,5.27,4.59,5.92,3.18,4.25,4.02,3.14,2.38,2.72,4.47,6.12
200506,0.85,0.43,0.96,1.56,0.96,0.32,-0.01,1.56,1.8,1.37,-0.36,2.12,0,0.68,-0.29,0.2,2.39,0.71
200507,3.46,4.37,4.32,3.93,3.59,3.29,4.42,5.29,4.38,3.63,2.89,4.37,3.26,3.33,6.25,3.04,6.03,4.52
200508,-1.01,-0.95,-0.96,-1.15,-1.25,-1.4,0.15,-1.69,0.11,-2.01,-0.84,-1.7,-0.36,-2.24,0.34,0.01,-1.68,-1.71
200509,0.44,0.44,1.51,0.71,-0.18,-0.02,1.34,1.92,1.61,0.09,0.11,-0.49,-0.28,0.19,1.82,0.98,2.33,1.49
200510,-2.87,-1.98,-0.87,-2.84,-1.99,-1.07,-2.16,-1.03,-3.75,-2.19,-2.92,-0.96,-2.04,-0.31,-4.12,-0.67,-2.38,0.41
200511,3.67,2.95,5.19,2.95,4.75,2.06,4.58,4.87,2.22,3.44,4.57,4.93,1.43,2.55,3.18,5.61,4.14,5.63
200512,-0.14,-0.03,0.12,0.62,-0.64,0.62,-0.61,0.45,1.06,0.32,-1.05,-0.2,1.57,-0.1,-1.02,-0.32,0.32,0.58
200601,3.66,3.28,3.34,4.76,2.09,2.57,3.46,4.3,5.75,4.1,2.31,1.85,3.57,1.8,5.43,2.07,5.57,3.02
200602,1.06,0.36,-0.71,1,0.66,1.25,-0.68,-0.92,0.81,1.14,1.12,0.16,1.56,1.01,-1.01,-0.43,-0.84,-1.01
200603,1.91,1.41,2.25,2.61,1.51,0.71,2.31,2.16,2.24,2.86,1.03,2.05,0.41,0.94,2.23,2.36,1.95,2.39
200604,1.23,0.96,1.14,1.23,0.67,0.97,1.3,1.13,1.94,0.75,1.23,0.05,0.78,1.12,1.5,1.15,0.99,1.28
200605,-2.59,-1.74,-4.71,-2.6,-2.2,-1.18,-3.09,-5.68,-1.65,-3.21,-2.59,-1.77,-2.02,-0.54,-2.65,-3.42,-5.83,-5.54
200606,0.23,0.02,0.17,0.18,0.43,-0.21,-0.03,0.39,1.06,-0.39,0.3,0.56,0.32,-0.62,0.07,-0.1,-0.01,0.79
200607,-0.75,0.76,-1.54,-0.49,-0.18,1.27,-1.74,-1.11,-1.37,0.76,-1.19,1.03,-0.02,2.5,-1.02,-2.23,-0.83,-1.34
200608,4.19,2.31,1.18,5.04,2.58,2.97,0.77,1.2,4.45,5.85,2.74,2.41,3.27,2.69,0.24,1.14,1.87,0.65
200609,2.95,1.71,2.37,3.06,2.62,1.27,2.58,2.07,3.54,2.4,2.78,2.43,1.56,0.99,2.19,2.84,1.97,2.16
200610,3.67,3.59,3.52,3.26,3.63,4.2,2.34,4.41,3.12,3.45,4.37,2.76,4.39,4.03,2.71,2.09,3.51,5.15
200611,1.47,1.9,3.05,2.02,0.64,2.19,1.88,3.94,1.48,2.75,0.53,0.78,1.63,2.71,2.33,1.57,3.08,4.64
200612,2.3,1.72,-0.43,2.03,2.46,1.89,0.59,-0.97,2.81,0.96,2.76,2.12,2.2,1.59,0.74,0.49,-0.03,-1.73
200701,1.62,1.6,2.23,1.3,2.7,0.69,1.9,2.62,1,1.75,2.15,3.36,0.69,0.69,2.36,1.57,2.79,2.48
200702,-2.31,-1.5,-0.94,-1.86,-2.44,-1.7,-0.86,-0.89,-2.09,-1.51,-3.05,-1.71,-1.57,-1.82,-0.62,-1.03,-0.57,-1.16
200703,0.49,0.89,2.05,0.73,0.42,1.3,0.73,2.4,0.59,0.94,0.07,0.83,1.4,1.21,-0.3,1.46,2.1,2.65
200704,5.03,4,3.26,5.23,4.05,4.41,3.43,3.23,5.01,5.54,4.71,3.29,4.85,3.99,3.62,3.29,2.5,3.83
200705,2.98,3.41,4.49,3.44,3.11,2.96,3.39,5.33,3.44,3.44,2.19,4.19,2.96,2.97,3.85,3.08,4.87,5.69
200706,-1.39,-2.11,-1.2,-1.16,-2.37,-1.75,-1.46,-1.32,-0.44,-2.22,-1.8,-3.02,-2.63,-0.9,-2.11,-1,-2.08,-0.72
200707,-3.88,-2.95,-3.43,-3.85,-3.21,-3.05,-4.27,-2.74,-4.46,-3.52,-3.92,-2.4,-1.92,-4.62,-3.33,-5.06,-3.76,-1.79
200708,1.43,1.26,1.51,0.67,1.35,1.67,0.91,2.03,-0.78,1.42,2.47,0.09,1.96,1.25,1.64,0.29,2.26,1.81
200709,1.83,3.82,4.4,2.56,2.76,3.47,3.25,4.92,2.82,2.44,0.85,4.92,4.26,2.33,3.39,3.12,3.52,6.2
200710,2.69,1.86,2.08,1,3.28,1.28,2.3,2.42,-0.38,1.7,5.02,1.35,1.73,0.62,3.54,1.23,0.36,4.27
200711,-4.95,-3.64,-5.08,-3.69,-5.18,-2.92,-4.4,-5.61,-5.59,-2.76,-6.59,-3.55,-3.03,-2.77,-5.17,-3.72,-5.56,-5.66
200712,-1.19,-0.97,0.09,-1.98,-0.62,-0.07,-1.15,0.07,-2.09,-1.93,-0.14,-1.16,0.62,-1.1,-2.61,0.13,-1.92,1.79
200801,-5.85,-5.12,-6.96,-4.4,-6.31,-6.73,-3.55,-7.89,-5.7,-3.79,-7.76,-4.68,-7.21,-6,-2.23,-4.66,-5.03,-10.27
200802,-4.1,-2.01,-3.42,-1.57,-5.2,-0.77,-4.32,-2.88,-1.23,-1.72,-7.57,-2.61,0.56,-2.77,-3.86,-4.72,-1.27,-4.29
200803,-1.29,-0.1,-0.84,-1.11,0.19,-1.03,-0.69,-0.77,-2.72,-0.37,-1.55,1.99,-1.32,-0.57,-0.32,-1.01,-2.25,0.58
200804,2.74,4.12,6.4,2.57,1.63,5.61,6,6.24,3.56,2.12,2.99,0.27,6.99,3.49,5.11,6.79,5.47,6.91
200805,3.03,1.29,2.13,3.41,1.26,2.36,-0.09,3.2,3.34,3.45,2.48,0.01,0.97,4.59,0.38,-0.49,2.08,4.17
200806,-8.28,-8.34,-8.45,-8.5,-8.43,-6.93,-9.37,-8.54,-9.19,-8.18,-7.96,-8.93,-5.06,-9.85,-10.68,-8.21,-8.71,-8.4
200807,-0.48,-1.38,0.22,-2.28,1.4,-0.56,0.11,-2.44,-4.54,1.03,1.18,1.79,0.82,-1.39,-3.52,4.05,0.76,-5.12
200808,3.01,1.52,0.89,3.43,2.42,1.72,1.4,0.26,3.92,2.76,2.64,2.02,1.9,1.61,1.07,1.73,1.06,-0.45
200809,-8.75,-8.78,-9.5,-9.88,-8.28,-7.5,-7.12,-13.54,-8.47,-11.8,-7.76,-9.23,-9.81,-6.07,-10.11,-4.12,-11.87,-15.04
200810,-16.14,-16.33,-18.17,-19.65,-13.94,-16.73,-16.98,-18.53,-19.81,-19.42,-13.09,-15.53,-18.49,-15.69,-16.17,-17.74,-17.78,-19.24
200811,-6.38,-5.7,-10.62,-10.83,-4.04,-7.66,-7.39,-9.93,-10.75,-10.95,-2.82,-6.38,-8.16,-7.4,-3.12,-11.43,-9.71,-10.15
200812,1.65,1.69,1.87,0.41,2.53,2.43,0.54,2.98,-1.95,3.81,2.57,2.47,4.97,1.12,0.54,0.54,3.41,2.57
200901,-8.92,-8.4,-7.16,-7.43,-8.91,-8.99,-9.26,-4.72,-5.81,-9.66,-9.99,-6.75,-8.17,-9.43,-8.39,-10.16,-6.65,-2.88
200902,-9.53,-11.5,-8.3,-8.67,-11.09,-10.58,-11.53,-6.19,-8.32,-9.16,-10.17,-12.87,-10.4,-10.69,-11.98,-11.06,-5.54,-6.79
200903,7.61,7.71,10.99,9.6,6.6,7.72,9.43,10.86,10.06,8.95,6.11,7.59,7.71,7.72,7.76,11.16,10.43,11.2
200904,10.11,8.61,11.37,13.64,7.73,9.03,9.59,11.65,12.45,15.37,7.35,8.49,13.54,6.63,8.18,11.02,11.31,11.92
200905,4.79,3.83,6.65,4.82,3.77,3.84,5.59,6.76,4.66,5.04,4.77,1.83,4.41,3.52,4.64,6.51,6.02,7.36
200906,1.43,-0.26,0.55,2.66,1.23,-0.45,-0.48,0.74,4.86,-0.43,0.4,2.87,-0.02,-0.69,-1.29,0.31,0.96,0.57
200907,8.9,7.54,7.28,10.87,7.13,8.2,7.66,6.77,11.94,10.1,7.2,7.03,8.68,7.83,7.08,8.72,5.53,7.52
200908,4.53,2.95,3.01,6.61,3.25,2.4,2.75,3.25,5.33,7.55,2.69,3.92,2.68,2.19,2.98,2.35,3.42,3.14
200909,3.87,3.62,5.03,5.28,2.33,6.3,2.54,5.22,6.74,4.23,2.57,2.04,8.22,4.82,1.44,4.5,5.53,5.03
200910,-2.72,-2.46,-2.14,-4.11,-1.4,-3.09,-2.55,-1.9,-5.08,-3.39,-1.42,-1.37,-4.86,-1.59,-2.39,-2.82,-1.53,-2.12
200911,5.01,6.26,5.07,4.44,5.48,6.41,5.82,5.3,4.47,4.43,5.52,5.42,6.99,5.92,6.61,4.43,4.86,5.56
200912,2.03,2.23,4.2,3.71,1.49,2.88,2.14,4.29,5.15,2.66,0.51,2.72,2.72,3.02,1.14,3.94,3.22,4.93
201001,-4.43,-1.85,-4.74,-5.19,-1.93,-2.48,-2.84,-5.13,-5.59,-4.89,-3.72,0.25,-1.79,-3.05,-2.4,-3.6,-2.87,-6.45
201002,4.02,3.04,3.46,4.48,2.65,3.98,3.32,3.23,4.67,4.34,3.6,1.56,4.13,3.86,2.85,4.12,3.05,3.34
201003,7.18,5.58,6.38,7.88,5.53,6.63,5.36,6.57,7.09,8.46,6.53,4.33,7.78,5.66,5.08,5.84,4.44,7.86
201004,2.93,1.4,2.09,3.9,1.42,1.86,2.03,1.64,1.32,5.79,2,0.72,2.1,1.66,1.24,3.38,2.14,1.35
201005,-7.55,-7.2,-8.8,-7.64,-7.11,-7.48,-7.48,-9.08,-7.37,-7.84,-7.47,-6.67,-8.41,-6.68,-7.19,-7.98,-10.31,-8.36
201006,-7.22,-3.8,-6.68,-8.31,-3.9,-4.82,-4.87,-6.94,-9.47,-7.49,-6.17,-1.11,-6.07,-3.77,-4.22,-5.96,-7.22,-6.78
201007,7.3,7.72,6.16,8.34,7.55,7.55,7.57,5.51,6.7,9.46,6.48,8.78,8.18,6.97,7.28,7.76,5.43,5.57
201008,-6.22,-5.32,-3.73,-6.71,-7.42,-4.64,-4.11,-3.52,-6.61,-6.77,-5.84,-9.19,-6,-3.36,-3.93,-4.24,-2.95,-3.97
201009,9.31,9.11,9.97,11.62,8.26,8.81,8.85,10.7,11.63,11.61,7.47,9.19,9.96,7.75,9.83,8.18,10.37,10.95
201010,3.66,4.17,3.59,4.55,4.13,3.83,4.01,3.42,4.02,4.89,2.93,5.52,4.22,3.47,3.99,4.03,2.82,3.88
201011,1.37,1.35,-0.23,3.15,1,1.07,0.57,-0.34,2.14,3.81,-0.11,2.24,0.15,1.93,1.37,0.02,0.39,-0.89
201012,8.96,6.96,5.79,9.71,8.84,6.66,6.37,5.41,10.85,8.99,8.32,9.41,7.47,5.91,5.82,6.75,5.04,5.69
201101,1.98,2.82,1.4,1.97,2.25,3.69,1,1.51,1.31,2.4,1.98,2.55,3.87,3.52,0.8,1.14,1.91,1.2
201102,3.9,3.49,3.49,5.12,2.79,3.47,3.52,3.65,7.4,3.65,2.83,2.76,2.11,4.75,4.15,3.08,4.59,2.92
201103,0.53,0.76,0.32,0.78,0.16,0.98,0.34,0.44,0.59,0.91,0.3,0.02,0.71,1.24,0.78,0.03,0.55,0.34
201104,2.7,3.1,2.98,1.99,2.11,3.49,3.69,2.76,1.59,2.26,3.34,0.78,3.65,3.35,3.93,3.52,3.86,1.88
201105,-2.14,-1.49,-0.71,-2.97,-2.08,-1.39,-0.97,-0.54,-2.75,-3.12,-1.4,-2.82,-1.12,-1.64,-0.73,-1.13,0.15,-1.1
201106,-3.03,-1.51,-1.45,-3.51,-2.22,-1.32,-0.77,-2.02,-3.15,-3.76,-2.6,-1.8,-1.2,-1.43,-1.79,-0.06,-1.47,-2.47
201107,-4.08,-2.84,-0.89,-4.38,-3.28,-2.61,-2.44,-0.41,-5.07,-3.99,-3.62,-3,-2.47,-2.79,-3.18,-2.01,-2.39,0.63
201108,-5.75,-5.91,-6.11,-6.47,-6.08,-4.82,-6.23,-6.19,-9.09,-5.03,-4.66,-7.23,-5.21,-4.28,-6.74,-5.94,-6.81,-5.87
201109,-6.52,-8.14,-7.53,-6.98,-8.08,-7.29,-8.76,-6.75,-11.18,-4.78,-5.85,-9.93,-6.27,-8.66,-7.77,-9.35,-7.47,-6.39
201110,9.89,11.78,11.71,10.1,11.64,11.4,11.94,11.25,11.64,9.36,9.59,13.42,10.43,12.74,10.46,12.82,14.43,9.7
201111,0.3,-0.01,-0.67,-0.11,0.09,0.25,-0.07,-0.87,-0.95,0.31,0.89,-0.58,0.06,0.51,0.12,-0.18,-0.07,-1.28
201112,2.62,1.11,-0.53,3.38,1.34,1.07,0.71,-0.95,1.7,4.21,1.52,1.18,1.26,0.82,1.1,0.48,-2.1,-0.36
201201,3.39,5,5.95,3.5,3.96,5.03,5.95,5.84,6.42,2.11,3.23,4.59,5.05,5.01,5.52,6.2,6.54,5.48
201202,3.99,3.84,5.14,4.23,5.06,3.3,3.59,5.35,4.05,4.32,3.63,6.27,3.19,3.44,1.8,4.64,4.9,5.59
201203,3.31,3.21,2.89,3.69,3.6,3.06,2.11,3.2,4.5,3.28,2.75,4.3,4.3,1.38,2.02,2.16,2.52,3.56
201204,-0.01,-1.26,-0.77,-0.53,-0.69,-1.31,-0.65,-0.72,0.17,-0.9,0.76,-1.87,-1.21,-1.46,-0.23,-0.88,-0.28,-0.95
201205,-3.94,-5.93,-7.41,-4.42,-5.04,-5.97,-6.86,-7.16,-6.05,-3.58,-3.24,-6.54,-5.52,-6.6,-4.91,-7.99,-8.77,-6.34
201206,4.46,3.86,3.67,4.8,4.42,3.57,3.14,3.92,4.83,4.79,3.97,4.8,4.21,2.64,3.26,3.07,3.16,4.29
201207,0.77,0.88,0.72,-0.07,0.92,0.67,1.32,0.72,-0.34,0.05,1.92,0.04,0.8,0.55,1.81,0.74,0.82,0.6
201208,2.6,1.52,3.9,4.04,1.27,1.6,1.72,4.64,5.69,3.37,0.65,1.83,1.42,1.76,1.18,2.38,3.78,5.59
201209,4.01,2.83,1.88,4.73,3.33,2.38,2.35,2.05,2.79,5.53,3.01,3.61,1.97,2.75,3.05,1.51,2.02,2.09
201210,-0.34,-0.67,-3.91,0.25,-1.49,-0.65,-1.27,-4.42,0.14,0.3,-1.18,-1.76,-0.85,-0.48,0.03,-2.85,-3.49,-5.42
201211,1.18,0.29,1.12,0.82,1.43,0.14,0.29,1.31,0.51,0.94,1.7,1.19,0.51,-0.19,-0.07,0.73,1.29,1.32
201212,2.03,0.98,0.9,3.46,0.49,1.57,1,0.29,2.93,3.67,-0.02,0.94,2.59,0.65,0.05,2.18,1.91,-1.46
201301,6.7,5.94,4.36,6.76,6.99,5.46,6.01,3.41,7.73,6.39,6.6,7.32,5.64,5.29,5.77,6.3,6.67,-0.24
201302,1.62,1.72,0.57,1.42,1.54,2.12,1.14,0.45,0.51,1.78,1.9,1.21,2.34,1.92,1.42,0.81,0.62,0.24
201303,4.91,4.47,2.91,4.76,4.83,4.88,3.94,2.26,3.91,5.09,5.13,4.56,5.64,4.18,3.72,4.21,1.94,2.65
201304,1.58,1.53,1.54,1.01,1.66,2.36,1.04,1.49,1.49,0.83,2.41,1,2.62,2.11,0.54,1.65,2.25,0.59
201305,2.64,2.22,3.72,4.05,1.08,2.87,2.58,3.72,5.26,3.58,0.61,1.49,2.84,2.91,1.61,3.73,4.25,3.08
201306,-1.49,-0.65,-1.96,-1.71,-2.04,-0.15,-0.5,-2.39,-1.68,-1.72,-1.18,-2.82,-0.03,-0.26,0.02,-1.11,-1.8,-3.12
201307,5.4,5.29,6.23,5.69,5.28,5.71,3.98,7.65,6.86,5.11,5.11,5.48,6.46,5.06,4.14,3.86,6.81,8.25
201308,-3.1,-4.04,-0.88,-2.88,-3.48,-4.45,-2.34,-0.54,-1.79,-3.43,-3.32,-3.65,-4.78,-4.18,-3.52,-1.47,-1.33,0.02
201309,3.17,3.33,4.67,3.44,3.26,3.16,3.61,5.17,4.1,3.1,2.88,3.67,3.3,3.03,3.37,3.79,5.28,5.09
201310,4.76,3.77,4.27,5.41,3.64,4.01,3.89,4.48,4.72,5.77,4.07,3.15,3.31,4.61,3.88,3.9,3.62,5.09
201311,2.88,3.16,3.18,2.27,3.43,3.58,2.85,3.02,2.08,2.37,3.52,3.33,5.08,2.29,2.01,3.46,3.36,2.79
201312,2.8,2.4,2.89,2.41,2.68,2.1,2.63,3.36,2.45,2.4,3.21,2.07,2.99,1.32,3.45,2.04,3.27,3.42
201401,-4.51,-3.33,-2.64,-4.94,-3.94,-2.98,-3.48,-2.24,-3.72,-5.57,-4.08,-3.78,-2.04,-3.83,-3.65,-3.35,-3.17,-1.59
201402,4.44,4.32,5.15,4.28,4.97,3.5,4.75,5.5,4.8,4.01,4.6,5.39,2.53,4.39,5.08,4.5,5.39,5.58
201403,1.05,1.94,-1.29,1.22,0.78,2.27,1.81,-2.66,1.2,1.23,0.87,0.67,2.11,2.41,2.56,1.26,-1.46,-3.5
201404,0.82,0.34,-0.85,0.34,0.95,-0.15,-0.13,-0.69,-0.57,0.84,1.31,0.54,-1.89,1.4,1.23,-1.14,-0.48,-0.84
201405,1.05,1.56,3.25,1.97,0.75,1.56,2.35,3.46,3.45,1.19,0.11,1.47,1.74,1.41,1.67,2.87,2.16,4.38
201406,1.58,1.77,3.86,1.96,1.44,1.51,2.79,4.29,3.93,0.89,1.19,1.72,2.35,0.78,2.42,3.07,4.68,4.02
201407,-2.6,-2.18,-1.31,-2.83,-2.41,-2.15,-2,-0.98,-2.85,-2.82,-2.24,-2.6,-2.49,-1.87,-1.95,-2.07,0.67,-4.15
201408,4.04,3.89,4.86,3.79,4.41,3.81,4.24,4.82,3.84,3.76,4.43,4.39,3.16,4.37,3.7,4.95,4.47,5.52
201409,-1.93,-1.82,-2.09,-1.88,-2.07,-1.78,-1.78,-2.17,-2.43,-1.57,-2,-2.14,-1.66,-1.87,-1.7,-1.9,-1.36,-3.78
201410,3,2.29,2.44,3.03,3.09,1.87,2.52,2.39,3.67,2.67,2.94,3.25,2.63,1.23,2.5,2.54,2.48,2.22
201411,3.14,1.91,2.97,2.75,2.33,2.24,2.59,2.77,3.69,2.23,3.72,0.89,1.41,2.95,1.94,3.42,3.97,0.31
201412,0.75,0.47,-1.4,0.44,0.88,0.5,0.33,-2.13,0.62,0.34,1.2,0.54,0.44,0.54,0.38,0.27,-2.89,-0.51
201501,-4.1,-3.43,-1.83,-5.1,-2.5,-3.32,-4.04,-1.05,-2.54,-6.55,-2.64,-2.36,-3.42,-3.23,-4.42,-3.57,-0.57,-2.07
201502,5.97,5.23,7.55,6.81,5.05,5.11,5.83,8.06,7.11,6.63,4.77,5.35,5.38,4.89,5.39,6.38,7.13,10.04
201503,-1.29,-1.31,-0.96,-1.74,-1.16,-1.53,-0.52,-1.18,-1.34,-1.98,-0.64,-1.71,-1.28,-1.74,-0.58,-0.46,-1.71,-0.09
201504,0.46,0.41,1.14,1.43,-0.03,-0.02,0.34,1.82,-0.03,2.31,-0.94,0.96,0.33,-0.32,0.93,-0.39,2.27,0.93
201505,1.51,1.27,1.37,1.99,1.09,1.37,0.88,1.63,2.49,1.7,0.8,1.4,1.73,1.07,0.96,0.77,1.09,2.74
201506,-2,-1.52,-1.21,-1.64,-1.75,-1.68,-1.5,-1.14,-2.47,-1.15,-2.53,-0.93,-0.87,-2.37,-1.6,-1.36,-1.61,-0.2
201507,1.02,1.59,2.11,0.62,0.98,1.34,1.26,3.88,0.6,0.63,1.54,0.5,1.79,0.95,3.44,-0.66,4.23,3.58
201508,-6.04,-5.91,-6.18,-6.21,-5.69,-6.36,-5.64,-6.39,-4.81,-7.29,-5.82,-5.57,-6.72,-6.04,-5.43,-5.84,-5.73,-6.96
201509,-3.21,-2.15,-4.05,-3.94,-2.5,-1.92,-2.97,-4.15,-3.75,-4.1,-2.29,-2.69,-2.1,-1.76,-1.96,-3.88,-3.08,-5.11
201510,9.06,6.65,8.3,8.32,8.33,6.73,6.13,9.69,9.53,7.37,9.98,6.85,7.09,6.41,6.23,6.03,10.49,8.95
201511,0.37,0.26,1.36,0.03,0.73,-0.26,0.62,1.86,-0.14,0.17,0.77,0.7,-0.74,0.16,0.75,0.49,1.63,2.08
201512,-1.89,-1.59,-3.3,-2.13,-1.74,-1.24,-4.06,-1.72,-1.99,-2.24,-1.61,-1.86,-1,-1.45,-1.97,-6.03,-0.9,-2.47
201601,-4.69,-5,-8.01,-4.01,-5.07,-5.5,-5.51,-8.78,-2.69,-5.09,-5.5,-4.67,-6.11,-4.96,-4.39,-6.61,-5.99,-11.4
201602,0.59,0.97,-2.02,0.14,1.08,0.88,0.19,-2.77,1.02,-0.59,1.13,1.03,1.4,0.43,1.05,-0.68,-3.54,-2
201603,7.12,6.36,7.71,7.47,6.46,6.25,7.71,7.13,6.89,7.96,6.7,6.24,5.85,6.6,6.73,8.71,6.99,7.27
201604,1.41,1.58,-0.76,1.2,1.83,1.57,-0.92,0.51,1.67,0.81,1.67,1.99,1,2.08,1.1,-2.95,-2.33,3.28
201605,0.58,1.35,3.5,0.51,1.47,1.29,1.82,3.62,0.24,0.74,0.67,2.22,0.41,2.06,0.43,3.27,3.83,3.43
201606,1.41,0.59,-2.55,1.15,1.56,0.09,-0.64,-2.92,2.52,0,1.71,1.42,-1.06,1.07,0.58,-1.88,-4.14,-1.81
201607,3.41,3.1,5.25,3.21,2.58,4.19,3.22,5.58,2.17,4,3.66,1.6,3.09,5.17,2.42,4.31,6.64,4.72
201608,0.16,0.62,0.54,1.47,-0.36,0.31,1,0.47,1.54,1.42,-1.4,0.6,-0.51,1.02,1.16,0.77,1.21,-0.16
201609,0.45,-0.57,1.17,1.06,-0.35,-0.05,-0.6,1.32,0.95,1.14,-0.31,-0.39,0.02,-0.11,-1.57,0.72,1.13,1.49
201610,-2.07,-1.43,-2.52,-2.23,-1.97,-1.54,-1.5,-2.53,-3.62,-1.19,-1.87,-2.05,-1.55,-1.53,-0.74,-2.5,-1.94,-3.03
201611,6.81,5.69,2.78,7.63,5.28,5.63,5.81,2.03,8.32,7.13,5.78,4.82,5.62,5.64,6.44,4.95,1.1,2.82
201612,1.72,2.51,1.11,1.48,2.25,2.34,2.22,1.01,0.84,1.96,2.01,2.47,2.56,2.15,2.82,1.39,0.07,1.8
201701,0.94,0.96,3.8,0.99,0.61,1.03,1.75,4.29,-0.27,1.9,0.89,0.37,-0.33,2.25,1.27,2.42,5.67,3.13
201702,3.14,3.85,3.73,2.34,3.56,4.34,3.4,3.97,0.15,3.91,4.15,3,4.18,4.47,3.66,3.04,3.02,4.79
201703,-0.49,-0.32,1.19,-0.08,-0.03,-0.53,-0.35,1.49,0.31,-0.35,-0.98,0.86,-0.59,-0.47,-0.82,0.32,1.89,1.16
201704,0.11,0.85,2.03,-0.9,1.05,1.09,0.68,2.41,-2.07,-0.08,1.36,0.75,1.03,1.14,0.5,0.92,3.71,1.3
201705,-0.48,1.17,2.01,-1.97,1.08,1.26,1.07,2.41,-3.08,-1.21,1.33,0.84,1.31,1.22,1.25,0.82,3.53,1.43
201706,1.64,1.05,0.21,1.3,1.5,1.29,0.59,0.12,0.17,2.03,2.03,1.01,1.01,1.52,0.67,0.48,-0.22,0.42
201707,2.3,1.23,2.59,1.02,2.7,1.2,1.59,2.71,0.69,1.46,3.68,2.04,0.77,1.75,0.51,2.4,2.58,2.83
201708,-0.96,-0.66,1.66,-1,-1.55,-0.45,1.59,1.09,-1.32,-0.58,-0.92,-1.98,-0.32,-0.62,0.26,2.57,1.57,0.66
201709,4.4,3.11,1.42,4.24,3.63,3.47,1.27,2.14,3.55,5.13,4.58,3,3.78,3.07,2.63,0.29,2.79,1.55
201710,-0.36,1.36,4.32,-1.86,1.33,0.67,3.69,4.17,-2.84,-0.62,1.27,1.36,1.02,0.24,2.5,4.56,4.01,4.31
201711,2.98,4.26,2.36,1.7,4.36,3.98,3.51,2.11,1.24,2.27,4.32,4.39,3.27,4.9,4.58,2.74,2.25,1.98
201712,2.17,1.2,0.74,1.65,2.35,0.66,0.89,0.8,1.85,1.4,2.71,2.11,1.16,0.04,1.24,0.63,0.79,0.82
201801,4.69,4.48,7.31,3.92,4.92,4.81,4.48,8.83,2.49,5.68,5.48,4.55,5.5,3.93,3.89,4.92,7.96,9.63
201802,-5.09,-4.38,-2.13,-5.67,-6.14,-3.39,-2.45,-2.32,-6.38,-4.83,-4.51,-7.23,-3.33,-3.48,-3.32,-1.81,-3.09,-1.63
201803,-1.27,-2.01,-2.72,-0.42,-1.58,-2.55,-2.34,-2.74,-1.67,1.07,-2.1,-1.22,-3,-1.97,-1.84,-2.69,-1.9,-3.5
201804,2.33,-0.34,0.52,3.78,0.35,-0.57,-0.19,0.93,4.51,2.94,0.87,-0.01,-0.76,-0.34,-0.25,-0.15,-0.73,2.46
201805,1.79,1.07,4.71,1.72,1.83,1.5,3,4.31,0.99,2.57,1.87,1.8,1.37,1.68,-0.29,5.37,4.48,4.15
201806,0.54,0.55,0.63,0.84,1.45,-0.63,0.31,1.05,0.73,0.98,0.23,2.29,-0.73,-0.49,0.84,-0.05,-0.13,2.11
201807,3.43,3.49,3.31,2.59,4.56,3.84,3.41,2.7,3.48,1.94,4.52,4.6,5.1,2.77,1.89,4.88,5.07,-0.01
201808,1.65,1.99,6.11,1.68,0.96,2.4,3.45,6.91,4.09,-0.09,1.61,0.47,0.91,3.69,2.73,4.12,6.8,7.04
201809,1.04,0.27,-0.3,1.25,0.39,0.22,0.52,-0.61,1.63,0.96,0.78,0.09,-1.12,1.35,0.54,0.49,0.08,-1.44
201810,-5.12,-6.55,-9.21,-5.61,-5.89,-6.43,-6.23,-10.43,-6.59,-4.85,-4.49,-6.94,-4.98,-7.63,-6.38,-6.1,-6.92,-14.73
201811,2.05,2.79,0.75,1.64,2.73,2.5,4.13,-0.98,2.2,1.23,2.57,2.86,2.07,2.86,3.22,4.98,-2.72,1.37
201812,-9,-9.49,-9.5,-9.47,-9.65,-9.61,-8.96,-9.47,-10.26,-8.9,-8.43,-10.59,-9.81,-9.45,-8.3,-9.57,-8.99,-10.09
201901,7.01,8.48,9.3,7.95,7.88,8.13,7.81,10.11,8.33,7.69,5.86,9.47,9.69,6.85,8.21,7.45,7.09,14.07
201902,3.36,4.06,3.3,4.51,3.25,3.98,3.09,3.76,5.04,4.13,1.95,4.24,2.94,4.86,4.04,2.21,5.06,2.16
201903,0.52,0.01,2.81,1.31,-0.95,0.05,0.9,3.68,0.06,2.21,-0.48,-1.29,-1.81,1.52,1.1,0.7,4.42,2.75
201904,2.09,4.41,4.9,0.81,4.42,4.74,3.16,5.69,0.65,0.92,3.73,4.94,7.38,2.72,3.39,2.95,5.34,6.14
201905,-5.06,-6.36,-7.7,-5.61,-6.26,-6.39,-5.74,-8.25,-5.63,-5.59,-4.38,-7.67,-6.96,-5.93,-5.14,-6.31,-7.87,-8.73
201906,7.01,6.81,7.41,6.85,7.33,6.61,6.68,7.67,6.98,6.76,7.21,7.42,6.67,6.57,6.6,6.76,7.86,7.43
201907,1.58,0.92,1.78,0.51,1.77,1.33,1.56,1.57,0.39,0.62,2.71,0.19,0.62,1.82,0.22,2.26,2.71,-0.09
201908,-2.49,-2.47,-2.22,-3.63,-2.09,-2.24,-1.31,-2.78,-3.81,-3.46,-1.32,-3.41,-2.41,-2.12,-2.12,-0.9,-2.37,-3.39
201909,3.03,2.65,-0.32,1.83,3.4,2.9,1.44,-0.84,2.15,1.51,4.24,1.92,1.79,3.66,2.56,0.88,-0.15,-1.88
201910,2.13,2,2.58,2.18,1.6,2.6,2.23,2.5,2.04,2.31,2.08,0.73,2.06,2.96,1.21,2.76,3.27,1.33
201911,3.8,3.17,4.95,3.43,3.72,3.64,3.92,4.87,3.91,2.96,4.15,2.93,3.68,3.61,1.54,5.12,3.33,7.24
201912,4.22,2.59,2.28,3.3,4.11,2.74,2.8,1.95,3.3,3.3,5.11,2.25,2.08,3.18,2.41,2.99,2.68,0.87
202001,-0.81,-1.43,2.02,-2.69,-0.58,-1.07,0.7,2.44,-2.18,-3.18,0.97,-3.56,-0.94,-1.16,-0.13,1.1,3.68,0.55
202002,-8.94,-9.22,-6.37,-8.19,-9.77,-9.3,-7.18,-6.14,-7.44,-8.93,-9.62,-10.08,-8.74,-9.68,-7.79,-6.9,-6.37,-5.77
202003,-11.26,-15.95,-12.09,-11.34,-14.02,-15.19,-11.63,-12.88,-10.32,-12.35,-11.19,-19.72,-15.02,-15.3,-14.41,-10.32,-11.64,-14.82
202004,12.99,12.13,15.37,12.66,14.25,11.54,11.87,16.5,13.78,11.5,13.29,16.43,10.37,12.34,9.61,12.89,17.96,14.12
202005,4.3,5.2,6.34,4.68,4.31,4.62,5.43,7.17,5.53,3.78,3.95,5.13,4.41,4.77,7.69,4.45,5.86,9.36
202006,2.97,0.09,3.84,0.8,3.24,0.07,3.38,3.58,3.14,-1.69,4.98,-0.59,-0.65,0.54,0.99,4.45,3.77,3.26
202007,7.27,3.4,7.67,7.84,4.83,3.21,4.85,7.81,1.96,10.75,5.67,4.38,3.47,2.87,2.85,7.2,6.77,8.6
202008,8.94,5.42,9.15,9.65,5.21,4.9,9.72,8.14,1.09,13.55,6.93,4.29,5.68,3.91,7.37,12.38,7.3,8.77
202009,-5.14,-2.46,-4.08,-6.15,-2.38,-1.56,-4.04,-4.08,-2.07,-7.8,-2.21,-2.47,-1.54,-1.57,-4,-4.08,-4,-4.13
202010,-3.03,-2.22,-1.46,-4.27,-1.35,-2.14,-2.51,-1.03,-4.1,-4.34,0.44,-2.34,-2.35,-1.87,-2.27,-2.78,-0.02,-1.78
202011,12.61,11.94,12.41,12.82,13.26,12.88,12.84,10.78,16.66,11.16,12.03,13.96,13.15,12.54,8.49,17.6,10.47,11.02
202012,5.95,3.77,4.81,7.43,4.09,3.03,5.57,3.94,5.94,8.1,1.96,5.27,3.22,2.78,3.73,7.43,3.84,4.02
202101,2.42,-1.29,-0.46,2.08,-0.16,-1.63,-0.22,-0.46,6.21,0.23,3.39,-2.07,-2.31,-0.74,0.06,-0.49,0.13,-0.89
202102,0.43,4.49,2.77,-0.55,4.62,5.17,1.91,3.23,2.53,-2.02,3.18,5.44,4.92,5.48,2.41,1.43,5.26,1.7
202103,4.67,5.1,1.25,3.68,6.66,5.44,4.07,0.06,4.95,3.05,7.35,6.27,4.69,6.4,3.36,4.76,1.04,-0.71
202104,3.5,4.31,6.79,3.79,3.22,3.92,5.51,7.37,2.01,4.69,2.73,3.49,4.34,3.4,5.85,5.18,8.76,6.26
202105,0.49,1.73,-1.04,-0.15,2.9,1.77,-0.06,-1.31,3.25,-1.82,2.17,3.3,1.29,2.37,0.16,-0.27,0.5,-2.79
202106,2.83,0.98,3.89,4.36,-1.67,0.55,2.18,5.36,2.6,5.27,-1.12,-1.98,1.14,-0.18,4.68,-0.28,5.44,5.29
202107,0.92,2.06,1.1,1.24,0.27,2.37,2.52,0.35,-5.69,2.7,0.15,0.37,3.02,1.44,2.48,2.54,2.18,-0.94
202108,1.99,2.09,3.89,2.76,0.48,2.81,2.71,4.08,2.56,2.79,0.08,0.79,3.12,2.37,1.02,3.54,5.1,3.34
202109,-3.69,-4.47,-4.51,-3.65,-3.03,-5.15,-4.08,-4.73,3.55,-5.04,-3.79,-2.44,-5.59,-4.49,-4.05,-4.1,-5.18,-4.4
202110,4.39,6.22,7.83,5.06,4.31,7.28,6.69,7.68,6.95,4.66,2.71,5.54,8.95,4.88,3.73,8.11,6.97,8.2
202111,1.35,-2.63,-1.57,3.65,-3.15,-2.11,-3.41,-0.87,-4.53,5.37,-4.63,-2.05,-2.37,-1.72,-4.61,-2.87,0.45,-1.83
202112,6.3,6.02,0.53,5.66,7.33,5.28,5.07,-1.24,0.36,6.67,8.12,6.74,5.36,5.16,7.7,3.88,1.73,-3.45
